0, 12
0, 47
0, 38
0, 88
0, 86
0, 102
0, 148
0, 145
0, 163
0, 196
0, 246
0, 232
1, 31
1, 21
1, 93
1, 67
1, 125
1, 100
1, 202
1, 197
1, 248
1, 235
1, 233
2, 60
2, 51
2, 35
2, 180
2, 170
2, 161
2, 215
2, 252
2, 247
3, 62
3, 50
3, 77
3, 66
3, 157
3, 181
3, 219
3, 205
4, 37
4, 91
4, 116
4, 103
4, 153
4, 133
4, 188
4, 245
5, 20
5, 13
5, 33
5, 85
5, 72
5, 68
5, 64
5, 120
5, 113
5, 111
5, 106
5, 147
5, 185
5, 174
5, 171
5, 213
5, 193
6, 38
6, 86
6, 74
6, 102
6, 163
6, 208
6, 232
7, 67
7, 117
7, 202
7, 251
7, 248
7, 244
7, 235
8, 21
8, 51
8, 35
8, 93
8, 180
8, 170
8, 161
8, 252
8, 247
9, 77
9, 66
9, 97
9, 157
9, 219
10, 91
10, 104
10, 103
10, 153
10, 133
10, 188
10, 245
11, 13
11, 0
11, 33
11, 69
11, 64
11, 129
11, 173
11, 171
11, 213
12, 88
12, 74
12, 102
12, 208
12, 232
13, 67
13, 202
13, 248
13, 244
13, 235
14, 51
14, 170
14, 161
14, 252
14, 247
15, 20
15, 48
15, 78
15, 77
15, 66
15, 116
15, 114
15, 190
15, 219
16, 43
16, 37
16, 120
16, 104
16, 103
16, 157
16, 153
16, 188
16, 245
17, 29
17, 0
17, 50
17, 33
17, 80
17, 72
17, 69
17, 68
17, 64
17, 111
17, 106
17, 98
17, 147
17, 129
17, 185
17, 178
17, 163
17, 192
18, 47
18, 91
18, 88
18, 74
18, 133
18, 130
18, 184
18, 181
18, 208
19, 67
19, 113
19, 202
19, 248
19, 235
20, 60
20, 51
20, 161
20, 252
20, 247
20, 244
21, 48
21, 85
21, 66
21, 121
21, 116
21, 114
21, 190
21, 214
21, 213
21, 242
22, 43
22, 103
22, 157
22, 153
22, 245
23, 0
23, 33
23, 100
23, 98
23, 129
23, 200
24, 29
24, 15
24, 74
24, 156
24, 133
24, 130
24, 181
24, 208
24, 192
25, 61
25, 80
25, 64
25, 104
25, 184
25, 202
25, 235
26, 51
26, 113
26, 172
26, 161
26, 252
26, 247
27, 62
27, 50
27, 85
27, 68
27, 66
27, 116
27, 114
27, 242
28, 43
28, 37
28, 91
28, 153
28, 245
28, 232
29, 0
29, 60
29, 33
29, 171
30, 15
30, 123
30, 122
30, 100
30, 156
30, 130
30, 129
30, 181
30, 208
31, 64
31, 133
31, 184
31, 212
31, 246
31, 235
32, 51
32, 252
32, 247
33, 62
33, 80
33, 69
33, 68
33, 66
33, 114
33, 113
33, 106
33, 174
33, 242
34, 44
34, 43
34, 38
34, 79
34, 75
34, 153
34, 143
34, 190
34, 172
34, 245
34, 232
35, 29
35, 0
35, 91
35, 72
35, 116
35, 185
35, 170
35, 220
36, 60
36, 37
36, 123
36, 100
36, 157
36, 156
36, 130
36, 181
36, 208
37, 56
37, 64
37, 184
37, 212
37, 250
37, 246
37, 235
38, 51
38, 50
38, 109
38, 104
38, 183
38, 252
38, 247
39, 62
39, 54
39, 80
39, 68
39, 66
39, 115
39, 129
40, 44
40, 38
40, 75
40, 153
40, 143
40, 192
40, 255
40, 245
40, 242
41, 29
41, 13
41, 0
41, 61
41, 43
41, 42
41, 91
41, 90
41, 79
41, 72
41, 114
41, 111
41, 106
41, 147
41, 185
41, 178
41, 174
41, 173
41, 170
41, 193
42, 124
42, 123
42, 100
42, 181
42, 220
42, 208
43, 8
43, 56
43, 47
43, 64
43, 184
43, 212
43, 250
43, 246
43, 235
44, 51
44, 157
44, 183
44, 247
45, 62
45, 54
45, 50
45, 95
45, 80
45, 125
45, 115
45, 209
46, 44
46, 38
46, 78
46, 75
46, 153
46, 143
46, 186
46, 255
47, 30
47, 0
47, 61
47, 91
47, 90
47, 82
47, 72
47, 68
47, 111
47, 106
47, 187
47, 178
47, 174
47, 173
47, 193
47, 242
48, 100
48, 181
48, 164
48, 220
48, 213
48, 208
49, 8
49, 7
49, 5
49, 56
49, 46
49, 43
49, 64
49, 158
49, 138
49, 184
49, 182
49, 212
49, 199
49, 250
49, 246
49, 239
49, 235
49, 226
50, 10
50, 60
50, 36
50, 73
50, 127
50, 117
50, 183
50, 167
50, 201
50, 253
50, 228
51, 26
51, 9
51, 3
51, 63
51, 32
51, 70
51, 124
51, 115
51, 160
51, 218
51, 209
51, 198
51, 245
52, 44
52, 75
52, 104
52, 152
52, 143
52, 186
52, 185
52, 180
52, 168
52, 166
52, 205
52, 255
52, 224
53, 30
53, 13
53, 1
53, 58
53, 81
53, 80
53, 71
53, 65
53, 112
53, 96
53, 131
53, 128
53, 187
53, 223
53, 207
53, 243
53, 242
54, 15
54, 82
54, 74
54, 125
54, 107
54, 142
54, 134
54, 189
54, 181
54, 174
54, 162
54, 217
54, 213
54, 238
54, 234
55, 8
55, 7
55, 56
55, 46
55, 64
55, 106
55, 139
55, 138
55, 135
55, 184
55, 182
55, 212
55, 250
55, 246
55, 239
55, 226
56, 10
56, 73
56, 127
56, 183
56, 167
56, 164
56, 216
56, 201
56, 253
56, 228
57, 26
57, 3
57, 63
57, 70
57, 124
57, 115
57, 160
57, 218
57, 209
57, 245
58, 50
58, 44
58, 75
58, 111
58, 143
58, 186
58, 185
58, 178
58, 168
58, 166
58, 193
58, 255
58, 224
59, 30
59, 13
59, 1
59, 58
59, 86
59, 81
59, 71
59, 96
59, 152
59, 131
59, 128
59, 187
59, 180
59, 223
59, 207
59, 243
59, 242
60, 21
60, 15
60, 82
60, 72
60, 65
60, 125
60, 107
60, 142
60, 134
60, 189
60, 174
60, 162
60, 217
60, 213
60, 203
60, 238
60, 234
61, 8
61, 7
61, 56
61, 46
61, 64
61, 106
61, 139
61, 138
61, 135
61, 184
61, 182
61, 250
61, 246
61, 239
61, 226
62, 29
62, 18
62, 10
62, 74
62, 73
62, 127
62, 183
62, 167
62, 216
62, 201
62, 253
62, 228
63, 26
63, 3
63, 63
63, 70
63, 124
63, 115
63, 160
63, 218
63, 209
63, 245
64, 57
64, 50
64, 44
64, 75
64, 68
64, 143
64, 186
64, 178
64, 168
64, 166
64, 255
64, 224
65, 30
65, 13
65, 1
65, 58
65, 81
65, 121
65, 96
65, 131
65, 128
65, 187
65, 180
65, 177
65, 223
65, 207
65, 242
66, 15
66, 82
66, 125
66, 107
66, 142
66, 134
66, 189
66, 174
66, 162
66, 217
66, 213
66, 203
66, 238
66, 234
66, 232
67, 8
67, 7
67, 56
67, 46
67, 71
67, 64
67, 106
67, 152
67, 139
67, 138
67, 184
67, 182
67, 250
67, 246
67, 243
67, 239
67, 226
68, 29
68, 18
68, 10
68, 74
68, 73
68, 127
68, 135
68, 183
68, 167
68, 216
68, 201
68, 253
68, 228
69, 26
69, 3
69, 2
69, 63
69, 89
69, 70
69, 124
69, 115
69, 160
69, 218
69, 245
70, 21
70, 57
70, 50
70, 44
70, 75
70, 72
70, 68
70, 143
70, 186
70, 185
70, 178
70, 168
70, 166
70, 255
70, 224
71, 30
71, 13
71, 1
71, 58
71, 81
71, 108
71, 96
71, 131
71, 128
71, 187
71, 223
71, 207
71, 242
72, 15
72, 82
72, 125
72, 107
72, 142
72, 134
72, 189
72, 180
72, 174
72, 162
72, 217
72, 213
72, 209
72, 203
72, 238
72, 234
73, 8
73, 7
73, 56
73, 46
73, 71
73, 64
73, 106
73, 139
73, 138
73, 184
73, 182
73, 250
73, 246
73, 239
73, 226
74, 29
74, 10
74, 74
74, 73
74, 127
74, 152
74, 135
74, 183
74, 216
74, 201
74, 253
74, 243
74, 228
75, 26
75, 18
75, 3
75, 63
75, 70
75, 124
75, 115
75, 160
75, 218
75, 204
75, 245
76, 21
76, 2
76, 57
76, 50
76, 44
76, 89
76, 75
76, 72
76, 99
76, 143
76, 186
76, 168
76, 166
76, 255
76, 244
76, 224
77, 30
77, 13
77, 1
77, 58
77, 81
77, 108
77, 96
77, 131
77, 128
77, 187
77, 223
77, 207
77, 242
77, 227
78, 15
78, 90
78, 82
78, 125
78, 107
78, 142
78, 134
78, 189
78, 174
78, 162
78, 217
78, 213
78, 203
78, 238
78, 234
79, 16
79, 8
79, 7
79, 56
79, 46
79, 64
79, 106
79, 158
79, 139
79, 138
79, 184
79, 182
79, 164
79, 209
79, 250
79, 246
79, 239
79, 226
80, 29
80, 10
80, 74
80, 73
80, 127
80, 135
80, 183
80, 216
80, 201
80, 253
80, 228
81, 26
81, 3
81, 63
81, 71
81, 70
81, 124
81, 115
81, 160
81, 218
81, 245
82, 57
82, 50
82, 44
82, 80
82, 75
82, 72
82, 68
82, 143
82, 186
82, 180
82, 178
82, 168
82, 166
82, 255
82, 224
83, 30
83, 13
83, 2
83, 1
83, 58
83, 81
83, 108
83, 96
83, 131
83, 128
83, 187
83, 223
83, 207
83, 242
84, 15
84, 14
84, 89
84, 82
84, 125
84, 111
84, 107
84, 99
84, 142
84, 134
84, 189
84, 174
84, 162
84, 217
84, 203
84, 238
84, 234
84, 227
85, 18
85, 8
85, 7
85, 56
85, 46
85, 64
85, 106
85, 150
85, 139
85, 138
85, 184
85, 182
85, 213
85, 250
85, 246
85, 239
85, 232
85, 226
86, 29
86, 10
86, 74
86, 73
86, 127
86, 158
86, 135
86, 183
86, 175
86, 167
86, 216
86, 201
86, 253
86, 228
87, 26
87, 63
87, 70
87, 124
87, 115
87, 160
87, 218
87, 209
87, 245
88, 3
88, 57
88, 50
88, 44
88, 80
88, 75
88, 72
88, 143
88, 186
88, 177
88, 168
88, 166
88, 255
88, 224
89, 30
89, 13
89, 2
89, 1
89, 58
89, 81
89, 71
89, 108
89, 96
89, 131
89, 128
89, 187
89, 180
89, 223
89, 222
89, 207
89, 242
90, 15
90, 82
90, 125
90, 111
90, 107
90, 142
90, 134
90, 129
90, 189
90, 174
90, 162
90, 217
90, 203
90, 238
90, 234
91, 18
91, 8
91, 7
91, 56
91, 46
91, 41
91, 64
91, 106
91, 99
91, 139
91, 138
91, 184
91, 182
91, 250
91, 246
91, 239
91, 232
91, 227
91, 226
92, 29
92, 14
92, 10
92, 74
92, 73
92, 127
92, 135
92, 183
92, 175
92, 216
92, 201
92, 253
92, 228
93, 26
93, 63
93, 48
93, 70
93, 124
93, 115
93, 150
93, 167
93, 160
93, 218
93, 213
93, 209
93, 245
94, 20
94, 57
94, 50
94, 44
94, 80
94, 75
94, 72
94, 143
94, 186
94, 185
94, 178
94, 177
94, 168
94, 166
94, 255
94, 224
95, 30
95, 13
95, 2
95, 1
95, 58
95, 81
95, 108
95, 96
95, 131
95, 128
95, 187
95, 223
95, 207
95, 242
96, 15
96, 3
96, 82
96, 71
96, 125
96, 107
96, 142
96, 134
96, 189
96, 174
96, 162
96, 217
96, 203
96, 238
96, 234
97, 8
97, 7
97, 56
97, 46
97, 41
97, 64
97, 106
97, 139
97, 138
97, 184
97, 182
97, 250
97, 246
97, 239
97, 232
97, 226
98, 29
98, 18
98, 10
98, 74
98, 73
98, 127
98, 135
98, 129
98, 183
98, 175
98, 216
98, 201
98, 253
98, 228
98, 227
99, 26
99, 21
99, 14
99, 63
99, 70
99, 124
99, 115
99, 99
99, 150
99, 167
99, 160
99, 218
99, 209
99, 245
100, 57
100, 50
100, 44
100, 80
100, 75
100, 72
100, 68
100, 111
100, 143
100, 186
100, 185
100, 178
100, 177
100, 173
100, 168
100, 166
100, 213
100, 205
100, 255
100, 224
101, 30
101, 13
101, 2
101, 1
101, 58
101, 81
101, 108
101, 96
101, 131
101, 128
101, 187
101, 164
101, 223
101, 242
102, 15
102, 82
102, 125
102, 107
102, 142
102, 134
102, 189
102, 174
102, 162
102, 217
102, 203
102, 238
102, 234
103, 8
103, 7
103, 56
103, 46
103, 64
103, 106
103, 158
103, 139
103, 138
103, 184
103, 182
103, 207
103, 250
103, 246
103, 239
103, 232
103, 226
104, 29
104, 18
104, 10
104, 3
104, 74
104, 73
104, 71
104, 127
104, 135
104, 183
104, 216
104, 201
104, 253
104, 228
104, 227
105, 26
105, 21
105, 63
105, 41
105, 70
105, 124
105, 115
105, 150
105, 129
105, 175
105, 160
105, 218
105, 209
105, 204
105, 245
106, 57
106, 50
106, 44
106, 80
106, 75
106, 72
106, 143
106, 186
106, 178
106, 177
106, 168
106, 167
106, 166
106, 255
106, 224
107, 30
107, 13
107, 2
107, 1
107, 58
107, 81
107, 108
107, 96
107, 131
107, 128
107, 187
107, 223
107, 242
108, 15
108, 89
108, 82
108, 125
108, 111
108, 107
108, 142
108, 134
108, 189
108, 174
108, 162
108, 217
108, 203
108, 238
108, 234
109, 8
109, 7
109, 56
109, 46
109, 64
109, 106
109, 139
109, 138
109, 184
109, 182
109, 250
109, 246
109, 239
109, 232
109, 226
110, 29
110, 18
110, 10
110, 74
110, 73
110, 127
110, 135
110, 183
110, 216
110, 201
110, 253
110, 228
110, 227
111, 26
111, 63
111, 71
111, 70
111, 124
111, 115
111, 129
111, 175
111, 160
111, 218
111, 209
111, 207
111, 245
112, 21
112, 57
112, 50
112, 44
112, 41
112, 80
112, 75
112, 72
112, 68
112, 150
112, 143
112, 186
112, 178
112, 177
112, 168
112, 166
112, 205
112, 204
112, 255
112, 224
113, 30
113, 13
113, 1
113, 58
113, 81
113, 121
113, 113
113, 108
113, 96
113, 131
113, 128
113, 187
113, 223
113, 242
114, 15
114, 89
114, 82
114, 125
114, 107
114, 142
114, 134
114, 189
114, 174
114, 162
114, 217
114, 213
114, 203
114, 238
114, 234
115, 8
115, 7
115, 56
115, 46
115, 64
115, 106
115, 139
115, 138
115, 184
115, 182
115, 250
115, 246
115, 239
115, 232
115, 226
116, 29
116, 18
116, 10
116, 74
116, 73
116, 127
116, 135
116, 183
116, 201
116, 253
116, 228
117, 63
117, 71
117, 70
117, 124
117, 115
117, 129
117, 175
117, 160
117, 218
117, 216
117, 209
117, 245
118, 26
118, 57
118, 50
118, 44
118, 80
118, 75
118, 72
118, 143
118, 186
118, 178
118, 177
118, 168
118, 166
118, 255
118, 224
119, 30
119, 13
119, 1
119, 58
119, 81
119, 96
119, 131
119, 128
119, 187
119, 180
119, 223
119, 207
119, 242
120, 15
120, 41
120, 82
120, 125
120, 108
120, 107
120, 150
120, 142
120, 134
120, 189
120, 174
120, 162
120, 217
120, 203
120, 238
120, 234
121, 8
121, 7
121, 56
121, 46
121, 64
121, 106
121, 139
121, 138
121, 184
121, 182
121, 250
121, 246
121, 239
121, 232
121, 226
122, 29
122, 18
122, 10
122, 74
122, 73
122, 127
122, 111
122, 135
122, 183
122, 201
122, 253
122, 228
123, 63
123, 71
123, 70
123, 69
123, 124
123, 115
123, 129
123, 175
123, 167
123, 160
123, 218
123, 209
123, 245
124, 26
124, 57
124, 50
124, 44
124, 80
124, 75
124, 72
124, 147
124, 143
124, 186
124, 178
124, 168
124, 166
124, 255
124, 240
124, 224
125, 30
125, 13
125, 1
125, 58
125, 81
125, 68
125, 113
125, 96
125, 131
125, 128
125, 187
125, 177
125, 173
125, 223
125, 242
126, 15
126, 82
126, 125
126, 108
126, 107
126, 142
126, 134
126, 130
126, 189
126, 180
126, 174
126, 162
126, 217
126, 207
126, 203
126, 243
126, 238
126, 234
127, 7
127, 56
127, 46
127, 41
127, 64
127, 121
127, 106
127, 150
127, 139
127, 138
127, 184
127, 182
127, 250
127, 246
127, 239
127, 232
127, 226
128, 29
128, 18
128, 10
128, 8
128, 74
128, 73
128, 127
128, 135
128, 183
128, 201
128, 253
128, 228
129, 63
129, 89
129, 71
129, 70
129, 124
129, 115
129, 175
129, 167
129, 160
129, 218
129, 245
130, 57
130, 50
130, 44
130, 75
130, 72
130, 111
130, 104
130, 143
130, 186
130, 178
130, 168
130, 166
130, 255
130, 240
130, 224
131, 30
131, 26
131, 13
131, 1
131, 58
131, 81
131, 113
131, 96
131, 131
131, 128
131, 187
131, 223
131, 209
131, 242
132, 82
132, 125
132, 107
132, 142
132, 134
132, 130
132, 189
132, 180
132, 174
132, 162
132, 217
132, 213
132, 203
132, 238
132, 234
133, 7
133, 56
133, 46
133, 41
133, 64
133, 106
133, 139
133, 138
133, 184
133, 182
133, 250
133, 246
133, 239
133, 232
133, 226
134, 29
134, 18
134, 15
134, 10
134, 74
134, 73
134, 127
134, 135
134, 183
134, 201
134, 253
134, 228
135, 63
135, 61
135, 89
135, 80
135, 71
135, 70
135, 124
135, 115
135, 150
135, 160
135, 218
135, 245
136, 57
136, 50
136, 44
136, 85
136, 75
136, 72
136, 68
136, 111
136, 143
136, 129
136, 186
136, 178
136, 168
136, 167
136, 166
136, 255
136, 224
137, 30
137, 26
137, 13
137, 8
137, 1
137, 58
137, 81
137, 96
137, 131
137, 128
137, 187
137, 223
137, 209
137, 242
138, 82
138, 125
138, 107
138, 142
138, 134
138, 189
138, 175
138, 174
138, 164
138, 162
138, 217
138, 213
138, 203
138, 238
138, 234
139, 24
139, 9
139, 7
139, 56
139, 46
139, 41
139, 64
139, 106
139, 139
139, 138
139, 184
139, 182
139, 177
139, 250
139, 246
139, 239
139, 232
139, 226
140, 29
140, 15
140, 10
140, 74
140, 73
140, 127
140, 135
140, 183
140, 201
140, 253
140, 228
141, 63
141, 89
141, 71
141, 70
141, 69
141, 124
141, 115
141, 160
141, 218
141, 245
142, 57
142, 50
142, 44
142, 42
142, 85
142, 75
142, 72
142, 68
142, 113
142, 150
142, 143
142, 130
142, 186
142, 185
142, 178
142, 168
142, 167
142, 166
142, 255
142, 224
143, 30
143, 26
143, 13
143, 8
143, 1
143, 58
143, 81
143, 80
143, 108
143, 96
143, 131
143, 128
143, 187
143, 223
143, 209
143, 242
144, 61
144, 82
144, 125
144, 107
144, 142
144, 134
144, 189
144, 174
144, 164
144, 162
144, 217
144, 213
144, 203
144, 238
144, 234
145, 18
145, 7
145, 56
145, 46
145, 41
145, 64
145, 106
145, 139
145, 138
145, 184
145, 182
145, 175
145, 250
145, 246
145, 239
145, 232
145, 226
146, 29
146, 15
146, 10
146, 74
146, 73
146, 127
146, 135
146, 183
146, 201
146, 253
146, 228
147, 63
147, 89
147, 70
147, 124
147, 115
147, 177
147, 160
147, 218
148, 3
148, 57
148, 50
148, 44
148, 86
148, 75
148, 72
148, 71
148, 143
148, 186
148, 168
148, 167
148, 166
148, 255
148, 245
148, 224
149, 30
149, 13
149, 8
149, 1
149, 58
149, 81
149, 68
149, 113
149, 111
149, 96
149, 150
149, 131
149, 128
149, 187
149, 185
149, 178
149, 223
149, 209
149, 242
150, 61
150, 82
150, 80
150, 125
150, 107
150, 142
150, 134
150, 189
150, 174
150, 162
150, 217
150, 213
150, 203
150, 238
150, 234
151, 18
151, 7
151, 56
151, 46
151, 41
151, 64
151, 108
151, 106
151, 139
151, 138
151, 184
151, 182
151, 250
151, 246
151, 239
151, 232
151, 226
152, 29
152, 15
152, 10
152, 62
152, 74
152, 73
152, 127
152, 135
152, 183
152, 164
152, 201
152, 253
152, 228
153, 63
153, 89
153, 70
153, 124
153, 115
153, 177
153, 218
154, 57
154, 50
154, 85
154, 75
154, 72
154, 143
154, 186
154, 168
154, 167
154, 166
154, 255
154, 224
155, 30
155, 26
155, 13
155, 8
155, 1
155, 58
155, 44
155, 81
155, 96
155, 131
155, 187
155, 160
155, 223
155, 209
155, 242
156, 61
156, 82
156, 71
156, 125
156, 111
156, 107
156, 142
156, 134
156, 128
156, 189
156, 174
156, 162
156, 217
156, 213
156, 203
156, 243
156, 238
156, 234
157, 18
157, 7
157, 56
157, 46
157, 41
157, 80
157, 64
157, 106
157, 150
157, 139
157, 138
157, 184
157, 182
157, 250
157, 246
157, 239
157, 232
157, 226
158, 29
158, 15
158, 10
158, 74
158, 73
158, 127
158, 135
158, 183
158, 175
158, 164
158, 201
158, 253
158, 228
159, 63
159, 62
159, 89
159, 70
159, 124
159, 115
159, 178
159, 218
160, 57
160, 50
160, 75
160, 72
160, 113
160, 143
160, 186
160, 177
160, 168
160, 167
160, 166
160, 255
160, 224
161, 30
161, 26
161, 13
161, 8
161, 1
161, 58
161, 86
161, 81
161, 96
161, 131
161, 187
161, 223
161, 209
161, 242
162, 82
162, 125
162, 111
162, 107
162, 142
162, 134
162, 189
162, 174
162, 162
162, 160
162, 217
162, 213
162, 203
162, 238
162, 234
163, 18
163, 7
163, 61
163, 56
163, 46
163, 44
163, 41
163, 64
163, 106
163, 150
163, 139
163, 138
163, 128
163, 184
163, 182
163, 250
163, 246
163, 243
163, 239
163, 232
163, 226
164, 29
164, 10
164, 74
164, 73
164, 127
164, 135
164, 130
164, 183
164, 180
164, 164
164, 201
164, 253
164, 228
165, 15
165, 63
165, 89
165, 80
165, 70
165, 124
165, 115
166, 57
166, 50
166, 75
166, 143
166, 186
166, 177
166, 168
166, 167
166, 166
166, 255
166, 224
167, 30
167, 26
167, 13
167, 8
167, 1
167, 58
167, 81
167, 72
167, 121
167, 96
167, 131
167, 187
167, 223
167, 209
167, 242
168, 9
168, 82
168, 68
168, 125
168, 107
168, 142
168, 134
168, 189
168, 174
168, 162
168, 217
168, 203
168, 238
168, 234
169, 18
169, 7
169, 56
169, 46
169, 64
169, 106
169, 139
169, 138
169, 184
169, 182
169, 160
169, 218
169, 250
169, 246
169, 243
169, 239
169, 232
169, 226
170, 29
170, 10
170, 62
170, 61
170, 44
170, 74
170, 73
170, 127
170, 135
170, 183
170, 180
170, 164
170, 201
170, 253
170, 228
171, 63
171, 89
171, 70
171, 124
171, 115
171, 130
171, 170
172, 57
172, 50
172, 75
172, 147
172, 143
172, 186
172, 177
172, 168
172, 167
172, 166
172, 255
172, 224
173, 30
173, 26
173, 15
173, 13
173, 8
173, 1
173, 58
173, 81
173, 113
173, 96
173, 131
173, 187
173, 223
173, 213
173, 209
173, 242
174, 9
174, 82
174, 68
174, 125
174, 107
174, 142
174, 134
174, 189
174, 174
174, 217
174, 203
174, 238
174, 234
175, 18
175, 7
175, 56
175, 46
175, 64
175, 106
175, 139
175, 138
175, 184
175, 182
175, 162
175, 250
175, 246
175, 243
175, 240
175, 239
175, 232
175, 226
176, 29
176, 10
176, 62
176, 74
176, 73
176, 127
176, 135
176, 183
176, 164
176, 160
176, 201
176, 253
176, 228
177, 63
177, 61
177, 89
177, 70
177, 124
177, 115
178, 57
178, 50
178, 44
178, 75
178, 143
178, 186
178, 177
178, 168
178, 167
178, 166
178, 255
178, 224
179, 30
179, 26
179, 13
179, 8
179, 1
179, 58
179, 81
179, 111
179, 96
179, 131
179, 187
179, 223
179, 218
179, 213
179, 209
179, 242
180, 55
180, 82
180, 125
180, 107
180, 142
180, 134
180, 189
180, 174
180, 217
180, 203
180, 238
180, 234
181, 18
181, 7
181, 56
181, 46
181, 68
181, 64
181, 106
181, 139
181, 138
181, 184
181, 182
181, 250
181, 246
181, 240
181, 239
181, 232
181, 226
182, 29
182, 24
182, 10
182, 9
182, 62
182, 74
182, 73
182, 127
182, 135
182, 183
182, 175
182, 164
182, 162
182, 201
182, 253
182, 228
183, 63
183, 61
183, 85
183, 80
183, 124
183, 115
184, 57
184, 50
184, 75
184, 70
184, 143
184, 186
184, 177
184, 168
184, 167
184, 166
184, 160
184, 255
184, 224
185, 30
185, 26
185, 13
185, 8
185, 1
185, 58
185, 81
185, 72
185, 96
185, 131
185, 187
185, 223
185, 218
185, 213
185, 209
185, 242
186, 37
186, 89
186, 82
186, 125
186, 107
186, 142
186, 134
186, 189
186, 174
186, 217
186, 203
186, 238
186, 234
187, 18
187, 7
187, 56
187, 46
187, 64
187, 106
187, 139
187, 138
187, 184
187, 182
187, 250
187, 246
187, 240
187, 239
187, 232
187, 226
188, 29
188, 24
188, 10
188, 62
188, 74
188, 73
188, 127
188, 135
188, 183
188, 164
188, 201
188, 253
188, 228
189, 63
189, 61
189, 55
189, 80
189, 68
189, 124
189, 115
189, 111
190, 57
190, 50
190, 75
190, 143
190, 186
190, 178
190, 177
190, 168
190, 167
190, 166
190, 255
190, 224
191, 30
191, 26
191, 13
191, 8
191, 58
191, 81
191, 70
191, 113
191, 96
191, 131
191, 187
191, 223
191, 218
191, 213
191, 209
191, 243
191, 242
192, 89
192, 82
192, 125
192, 107
192, 142
192, 134
192, 189
192, 174
192, 217
192, 203
192, 238
192, 234
193, 18
193, 7
193, 56
193, 46
193, 64
193, 106
193, 139
193, 138
193, 128
193, 184
193, 182
193, 250
193, 246
193, 240
193, 239
193, 232
193, 226
194, 29
194, 24
194, 10
194, 62
194, 74
194, 73
194, 127
194, 135
194, 183
194, 164
194, 201
194, 253
194, 228
195, 63
195, 61
195, 80
195, 124
195, 115
195, 170
196, 57
196, 50
196, 75
196, 186
196, 177
196, 168
196, 167
196, 166
196, 255
197, 30
197, 26
197, 13
197, 8
197, 58
197, 81
197, 96
197, 131
197, 187
197, 223
197, 209
197, 242
197, 224
198, 82
198, 70
198, 125
198, 107
198, 142
198, 189
198, 174
198, 217
198, 203
198, 243
198, 238
198, 234
199, 18
199, 7
199, 56
199, 46
199, 64
199, 106
199, 139
199, 138
199, 134
199, 182
199, 213
199, 200
199, 250
199, 246
199, 240
199, 239
199, 232
199, 226
200, 29
200, 24
200, 10
200, 9
200, 62
200, 74
200, 73
200, 127
200, 135
200, 183
200, 164
200, 201
200, 253
200, 228
201, 63
201, 61
201, 89
201, 124
201, 115
201, 114
202, 57
202, 50
202, 75
202, 186
202, 177
202, 168
202, 167
202, 166
202, 255
203, 30
203, 26
203, 13
203, 8
203, 58
203, 37
203, 81
203, 111
203, 96
203, 131
203, 187
203, 209
203, 242
204, 82
204, 125
204, 107
204, 142
204, 174
204, 217
204, 203
204, 243
204, 238
204, 234
204, 224
205, 7
205, 56
205, 46
205, 64
205, 139
205, 138
205, 182
205, 213
205, 250
205, 240
205, 239
205, 232
205, 226
206, 24
206, 10
206, 9
206, 62
206, 74
206, 73
206, 70
206, 127
206, 135
206, 134
206, 183
206, 164
206, 201
206, 253
206, 246
206, 228
207, 63
207, 61
207, 89
207, 68
207, 124
207, 115
207, 114
207, 106
207, 200
208, 18
208, 57
208, 75
208, 99
208, 141
208, 186
208, 177
208, 170
208, 167
208, 166
208, 255
209, 30
209, 13
209, 8
209, 58
209, 81
209, 96
209, 131
209, 187
209, 209
209, 242
209, 227
210, 82
210, 107
210, 158
210, 142
210, 180
210, 174
210, 217
210, 238
210, 234
211, 26
211, 7
211, 56
211, 46
211, 139
211, 138
211, 182
211, 250
211, 240
211, 239
211, 226
211, 224
212, 29
212, 24
212, 10
212, 74
212, 73
212, 70
212, 64
212, 127
212, 135
212, 189
212, 183
212, 164
212, 203
212, 201
212, 253
212, 228
213, 63
213, 61
213, 55
213, 50
213, 48
213, 125
213, 124
213, 115
213, 114
213, 111
213, 128
213, 178
213, 246
213, 232
214, 57
214, 75
214, 99
214, 186
214, 177
214, 167
214, 166
214, 255
215, 30
215, 13
215, 8
215, 58
215, 81
215, 96
215, 141
215, 187
215, 170
215, 209
215, 200
215, 242
216, 82
216, 107
216, 151
216, 142
216, 217
216, 238
216, 234
217, 9
217, 7
217, 56
217, 46
217, 32
217, 158
217, 139
217, 138
217, 182
217, 250
217, 240
217, 239
217, 227
217, 226
218, 26
218, 24
218, 10
218, 88
218, 80
218, 74
218, 73
218, 127
218, 135
218, 183
218, 164
218, 222
218, 201
218, 253
218, 228
218, 224
219, 29
219, 63
219, 61
219, 69
219, 125
219, 124
219, 115
219, 106
219, 189
219, 185
219, 174
219, 203
220, 14
220, 57
220, 48
220, 75
220, 99
220, 134
220, 128
220, 186
220, 184
220, 177
220, 167
220, 166
220, 218
220, 255
220, 246
221, 30
221, 13
221, 8
221, 50
221, 90
221, 89
221, 96
221, 141
221, 187
221, 170
221, 213
221, 209
221, 200
221, 242
222, 82
222, 107
222, 151
222, 142
222, 217
222, 234
223, 7
223, 56
223, 46
223, 158
223, 139
223, 138
223, 182
223, 250
223, 240
223, 239
223, 226
224, 24
224, 12
224, 10
224, 9
224, 88
224, 74
224, 73
224, 127
224, 135
224, 183
224, 164
224, 221
224, 201
224, 253
224, 228
225, 63
225, 61
225, 55
225, 32
225, 125
225, 124
225, 115
225, 114
225, 111
225, 140
225, 178
225, 174
225, 222
225, 224
226, 58
226, 57
226, 75
226, 99
226, 186
226, 177
226, 167
226, 166
226, 218
226, 203
226, 255
226, 246
227, 30
227, 13
227, 8
227, 50
227, 81
227, 106
227, 96
227, 141
227, 187
227, 185
227, 170
227, 213
227, 209
227, 200
227, 242
228, 4
228, 82
228, 107
228, 104
228, 151
228, 142
228, 217
228, 234
229, 7
229, 62
229, 56
229, 46
229, 139
229, 138
229, 182
229, 250
229, 239
229, 226
230, 29
230, 24
230, 10
230, 9
230, 88
230, 74
230, 73
230, 127
230, 135
230, 183
230, 164
230, 201
230, 253
230, 240
230, 228
231, 14
231, 63
231, 61
231, 55
231, 32
231, 125
231, 124
231, 115
231, 114
231, 111
231, 178
231, 174
231, 224
232, 12
232, 57
232, 42
232, 75
232, 186
232, 177
232, 167
232, 166
232, 255
232, 232
233, 30
233, 13
233, 8
233, 58
233, 50
233, 80
233, 69
233, 106
233, 96
233, 141
233, 187
233, 209
233, 200
233, 242
234, 82
234, 107
234, 151
234, 142
234, 222
234, 217
234, 214
234, 213
234, 234
235, 7
235, 4
235, 62
235, 56
235, 46
235, 139
235, 138
235, 182
235, 250
235, 239
235, 226
236, 29
236, 24
236, 10
236, 36
236, 88
236, 74
236, 73
236, 127
236, 135
236, 183
236, 164
236, 201
236, 253
236, 228
237, 63
237, 61
237, 55
237, 32
237, 81
237, 125
237, 124
237, 115
237, 111
237, 178
237, 174
237, 170
237, 240
237, 224
238, 12
238, 9
238, 57
238, 75
238, 186
238, 177
238, 167
238, 166
238, 255
238, 232
239, 30
239, 13
239, 58
239, 69
239, 106
239, 96
239, 141
239, 187
239, 209
239, 200
239, 242
240, 82
240, 107
240, 151
240, 142
240, 131
240, 222
240, 217
240, 213
240, 234
241, 7
241, 4
241, 56
241, 48
241, 46
241, 104
241, 139
241, 138
241, 182
241, 250
241, 239
241, 226
242, 29
242, 24
242, 10
242, 62
242, 88
242, 74
242, 73
242, 127
242, 135
242, 183
242, 164
242, 201
242, 253
242, 228
243, 63
243, 61
243, 55
243, 40
243, 32
243, 72
243, 125
243, 124
243, 115
243, 114
243, 99
243, 178
243, 174
243, 170
243, 246
243, 224
244, 12
244, 9
244, 57
244, 75
244, 186
244, 167
244, 166
244, 255
244, 232
245, 30
245, 13
245, 58
245, 50
245, 85
245, 83
245, 106
245, 96
245, 141
245, 187
245, 209
245, 200
245, 199
245, 193
245, 242
246, 43
246, 82
246, 151
246, 142
246, 222
246, 210
246, 234
247, 7
247, 56
247, 46
247, 139
247, 138
247, 182
247, 218
247, 213
247, 250
247, 239
247, 226
248, 29
248, 24
248, 10
248, 4
248, 88
248, 74
248, 73
248, 69
248, 127
248, 135
248, 183
248, 164
248, 201
248, 253
248, 228
249, 63
249, 61
249, 55
249, 40
249, 32
249, 125
249, 124
249, 115
249, 114
249, 107
249, 178
249, 174
249, 170
249, 217
249, 212
249, 224
250, 12
250, 57
250, 75
250, 66
250, 186
250, 167
250, 255
250, 246
250, 232
251, 13
251, 9
251, 58
251, 50
251, 96
251, 141
251, 187
251, 209
251, 200
251, 193
251, 242
252, 30
252, 82
252, 151
252, 142
252, 222
252, 234
253, 7
253, 56
253, 46
253, 43
253, 139
253, 138
253, 182
253, 218
253, 213
253, 210
253, 250
253, 239
253, 226
254, 29
254, 24
254, 10
254, 4
254, 88
254, 81
254, 73
254, 70
254, 69
254, 127
254, 111
254, 106
254, 135
254, 183
254, 164
254, 201
254, 253
254, 228
255, 63
255, 61
255, 55
255, 40
255, 74
255, 72
255, 125
255, 124
255, 115
255, 107
255, 178
255, 174
255, 170
255, 212
255, 224
256, 12
256, 32
256, 85
256, 75
256, 186
256, 167
256, 255
257, 13
257, 58
257, 57
257, 52
257, 96
257, 141
257, 187
257, 209
257, 193
257, 242
258, 82
258, 114
258, 151
258, 142
258, 234
258, 232
259, 30
259, 7
259, 56
259, 46
259, 43
259, 139
259, 138
259, 182
259, 218
259, 213
259, 210
259, 250
259, 239
259, 226
260, 29
260, 24
260, 10
260, 4
260, 88
260, 73
260, 69
260, 127
260, 113
260, 111
260, 106
260, 135
260, 183
260, 164
260, 201
260, 200
260, 253
260, 228
261, 61
261, 55
261, 50
261, 40
261, 86
261, 125
261, 124
261, 115
261, 107
261, 131
261, 178
261, 174
261, 170
261, 224
262, 12
262, 32
262, 85
262, 75
262, 72
262, 186
262, 167
262, 255
262, 246
263, 13
263, 58
263, 57
263, 52
263, 96
263, 141
263, 187
263, 209
263, 193
263, 242
264, 82
264, 81
264, 151
264, 142
264, 238
264, 234
265, 9
265, 7
265, 56
265, 46
265, 139
265, 138
265, 182
265, 213
265, 210
265, 250
265, 239
265, 232
265, 226
266, 24
266, 10
266, 4
266, 88
266, 80
266, 73
266, 70
266, 69
266, 127
266, 111
266, 106
266, 135
266, 183
266, 164
266, 201
266, 253
266, 228
267, 30
267, 29
267, 61
267, 55
267, 50
267, 40
267, 86
267, 125
267, 124
267, 115
267, 107
267, 131
267, 178
267, 174
267, 170
267, 218
267, 200
267, 224
268, 12
268, 43
268, 75
268, 72
268, 113
268, 186
269, 13
269, 58
269, 57
269, 52
269, 32
269, 96
269, 141
269, 130
269, 187
269, 209
269, 193
269, 242
270, 82
270, 81
270, 151
270, 142
270, 171
270, 234
271, 7
271, 56
271, 46
271, 139
271, 138
271, 182
271, 212
271, 210
271, 250
271, 239
271, 226
272, 24
272, 10
272, 9
272, 4
272, 88
272, 85
272, 73
272, 69
272, 127
272, 106
272, 147
272, 185
272, 183
272, 167
272, 164
272, 201
272, 253
272, 232
272, 228
273, 61
273, 55
273, 50
273, 42
273, 40
273, 66
273, 125
273, 124
273, 115
273, 114
273, 107
273, 178
273, 170
273, 224
274, 12
274, 75
274, 72
274, 121
274, 113
274, 131
274, 186
274, 218
275, 13
275, 58
275, 57
275, 52
275, 36
275, 86
275, 96
275, 141
275, 187
275, 209
275, 193
275, 242
276, 32
276, 82
276, 81
276, 151
276, 142
276, 171
276, 213
276, 234
277, 7
277, 56
277, 46
277, 43
277, 139
277, 138
277, 182
277, 210
277, 250
277, 239
277, 226
278, 24
278, 10
278, 4
278, 88
278, 85
278, 73
278, 127
278, 183
278, 164
278, 201
278, 253
278, 232
278, 228
279, 29
279, 60
279, 55
279, 40
279, 69
279, 125
279, 124
279, 115
279, 114
279, 111
279, 107
279, 106
279, 140
279, 178
279, 224
280, 25
280, 12
280, 61
280, 50
280, 75
280, 72
280, 113
280, 186
280, 212
281, 21
281, 13
281, 58
281, 57
281, 52
281, 36
281, 121
281, 141
281, 130
281, 187
281, 209
281, 242
282, 32
282, 82
282, 81
282, 66
282, 96
282, 151
282, 142
282, 171
282, 234
283, 7
283, 56
283, 46
283, 43
283, 138
283, 182
283, 167
283, 210
283, 250
283, 239
283, 238
283, 226
284, 24
284, 10
284, 4
284, 88
284, 86
284, 85
284, 73
284, 127
284, 147
284, 139
284, 183
284, 170
284, 164
284, 193
284, 253
284, 232
284, 228
285, 29
285, 60
285, 55
285, 40
285, 69
285, 125
285, 124
285, 115
285, 114
285, 107
285, 106
285, 178
285, 224
286, 12
286, 80
286, 75
286, 72
286, 113
286, 137
286, 186
286, 246
287, 13
287, 58
287, 57
287, 52
287, 121
287, 141
287, 187
287, 209
287, 242
288, 25
288, 32
288, 82
288, 81
288, 66
288, 151
288, 142
288, 130
288, 180
288, 234
289, 7
289, 61
289, 56
289, 46
289, 43
289, 138
289, 182
289, 210
289, 250
289, 239
289, 238
290, 24
290, 10
290, 4
290, 50
290, 88
290, 85
290, 96
290, 183
290, 164
290, 200
290, 253
290, 235
290, 232
291, 60
291, 55
291, 40
291, 125
291, 124
291, 115
291, 114
291, 111
291, 107
291, 106
291, 147
291, 178
291, 171
291, 224
292, 12
292, 75
292, 72
292, 113
292, 186
292, 167
292, 161
292, 205
293, 13
293, 58
293, 57
293, 52
293, 91
293, 121
293, 141
293, 187
293, 209
293, 242
294, 32
294, 82
294, 81
294, 66
294, 151
294, 142
294, 130
294, 169
294, 234
295, 7
295, 56
295, 46
295, 43
295, 38
295, 182
295, 210
295, 250
295, 238
296, 29
296, 24
296, 10
296, 4
296, 88
296, 80
296, 183
296, 164
296, 193
296, 253
296, 235
297, 60
297, 50
297, 36
297, 86
297, 85
297, 125
297, 124
297, 115
297, 114
297, 107
297, 106
297, 96
297, 147
297, 178
297, 171
297, 224
298, 15
298, 12
298, 45
298, 75
298, 72
298, 113
298, 186
298, 167
298, 161
298, 246
298, 232
299, 13
299, 9
299, 58
299, 57
299, 52
299, 91
299, 121
299, 141
299, 187
299, 209
300, 32
300, 83
300, 82
300, 81
300, 66
300, 142
300, 169
300, 234
301, 7
301, 56
301, 46
301, 38
301, 182
301, 180
301, 210
301, 250
301, 238
302, 24
302, 10
302, 4
302, 40
302, 88
302, 80
302, 68
302, 183
302, 164
302, 253
302, 242
302, 235
303, 29
303, 60
303, 36
303, 125
303, 124
303, 115
303, 114
303, 107
303, 106
303, 178
303, 224
304, 25
304, 15
304, 12
304, 45
304, 75
304, 72
304, 186
304, 161
304, 220
304, 246
304, 232
305, 13
305, 9
305, 58
305, 52
305, 91
305, 127
305, 121
305, 141
305, 130
305, 187
305, 199
305, 226
306, 43
306, 32
306, 82
306, 81
306, 66
306, 142
306, 169
306, 209
306, 234
307, 7
307, 56
307, 46
307, 38
307, 182
307, 210
307, 250
307, 238
308, 24
308, 10
308, 4
308, 42
308, 40
308, 88
308, 80
308, 151
308, 147
308, 183
308, 175
308, 164
308, 205
308, 253
308, 242
308, 235
309, 60
309, 50
309, 125
309, 124
309, 115
309, 114
309, 113
309, 111
309, 107
309, 178
309, 193
309, 224
310, 12
310, 36
310, 86
310, 75
310, 72
310, 186
310, 161
310, 246
310, 232
311, 13
311, 9
311, 58
311, 57
311, 52
311, 121
311, 141
311, 130
311, 187
312, 25
312, 32
312, 82
312, 81
312, 142
312, 171
312, 169
312, 209
312, 199
312, 234
312, 226
313, 7
313, 56
313, 46
313, 43
313, 38
313, 73
313, 182
313, 250
313, 238
314, 24
314, 10
314, 4
314, 91
314, 88
314, 80
314, 183
314, 175
314, 164
314, 253
314, 241
314, 235
315, 62
315, 60
315, 66
315, 115
315, 114
315, 107
315, 106
315, 151
315, 147
315, 180
315, 178
315, 212
315, 205
315, 242
315, 224
316, 12
316, 45
316, 85
316, 75
316, 72
316, 125
316, 124
316, 186
316, 161
316, 246
316, 232
317, 13
317, 9
317, 58
317, 52
317, 83
317, 121
317, 141
317, 187
317, 220
318, 57
318, 40
318, 32
318, 82
318, 81
318, 127
318, 142
318, 171
318, 169
318, 167
318, 209
318, 199
318, 234
319, 7
319, 56
319, 46
319, 38
319, 78
319, 182
319, 250
319, 238
320, 24
320, 10
320, 4
320, 50
320, 43
320, 91
320, 88
320, 80
320, 183
320, 164
320, 253
320, 235
321, 60
321, 66
321, 115
321, 114
321, 107
321, 106
321, 180
321, 178
321, 176
321, 193
321, 224
322, 25
322, 12
322, 45
322, 85
322, 75
322, 72
322, 125
322, 186
322, 161
322, 242
322, 232
323, 13
323, 9
323, 58
323, 52
323, 121
323, 141
323, 187
323, 220
324, 40
324, 32
324, 82
324, 81
324, 127
324, 142
324, 175
324, 171
324, 169
324, 199
324, 249
324, 234
325, 7
325, 56
325, 46
325, 38
325, 78
325, 113
325, 182
325, 167
325, 250
325, 240
325, 238
326, 24
326, 10
326, 4
326, 0
326, 50
326, 43
326, 91
326, 88
326, 86
326, 80
326, 130
326, 183
326, 164
326, 253
326, 235
327, 60
327, 36
327, 66
327, 115
327, 114
327, 107
327, 106
327, 97
327, 180
327, 178
327, 176
327, 193
327, 224
328, 25
328, 12
328, 45
328, 85
328, 75
328, 72
328, 125
328, 186
328, 173
328, 161
328, 246
328, 242
328, 232
329, 13
329, 9
329, 58
329, 52
329, 121
329, 141
329, 187
329, 220
330, 40
330, 82
330, 81
330, 142
330, 175
330, 171
330, 169
330, 234
331, 7
331, 56
331, 46
331, 38
331, 78
331, 182
331, 199
331, 250
331, 238
332, 10
332, 4
332, 91
332, 88
332, 80
332, 130
332, 183
332, 164
332, 253
332, 249
332, 240
332, 235
333, 29
333, 60
333, 50
333, 66
333, 115
333, 114
333, 107
333, 106
333, 151
333, 185
333, 180
333, 178
333, 176
333, 193
333, 224
334, 25
334, 12
334, 62
334, 75
334, 72
334, 186
334, 173
334, 161
334, 246
334, 232
335, 13
335, 9
335, 58
335, 52
335, 36
335, 121
335, 157
335, 187
336, 40
336, 82
336, 81
336, 142
336, 171
336, 169
336, 220
336, 234
337, 7
337, 56
337, 46
337, 38
337, 78
337, 182
337, 212
337, 250
337, 238
338, 10
338, 4
338, 88
338, 80
338, 64
338, 183
338, 164
338, 253
338, 235
339, 60
339, 50
339, 127
339, 115
339, 114
339, 107
339, 147
339, 180
339, 176
339, 193
339, 242
339, 224
340, 12
340, 47
340, 85
340, 75
340, 72
340, 113
340, 186
340, 173
340, 161
340, 232
341, 13
341, 9
341, 58
341, 52
341, 121
341, 130
341, 187
342, 82
342, 157
342, 142
342, 171
342, 169
342, 167
342, 234
343, 7
343, 56
343, 46
343, 38
343, 182
343, 250
344, 10
344, 4
344, 40
344, 88
344, 78
344, 183
344, 164
344, 253
344, 235
345, 60
345, 80
345, 115
345, 114
345, 111
345, 107
345, 147
345, 180
345, 178
345, 176
345, 215
345, 200
345, 224
346, 85
346, 75
346, 125
346, 186
346, 161
346, 242
346, 238
346, 232
347, 13
347, 12
347, 58
347, 52
347, 91
347, 66
347, 187
347, 219
348, 9
348, 82
348, 142
348, 171
348, 169
348, 234
349, 7
349, 38
349, 157
349, 182
349, 220
349, 250
350, 10
350, 4
350, 40
350, 88
350, 78
350, 183
350, 164
350, 192
350, 253
350, 235
351, 29
351, 60
351, 46
351, 80
351, 72
351, 115
351, 114
351, 111
351, 109
351, 107
351, 180
351, 178
351, 176
351, 193
351, 224
352, 25
352, 23
352, 86
352, 85
352, 75
352, 125
352, 113
352, 186
352, 173
352, 161
352, 242
352, 238
352, 232
353, 13
353, 12
353, 58
353, 52
353, 94
353, 187
353, 219
354, 82
354, 171
354, 169
354, 234
355, 9
355, 7
355, 38
355, 182
355, 220
355, 250
356, 10
356, 4
356, 40
356, 88
356, 78
356, 183
356, 164
356, 200
356, 253
356, 235
357, 29
357, 60
357, 50
357, 80
357, 115
357, 114
357, 109
357, 107
357, 147
357, 176
357, 193
357, 192
357, 224
358, 23
358, 51
358, 43
358, 75
358, 72
358, 186
358, 180
358, 173
358, 161
358, 242
358, 232
359, 13
359, 12
359, 58
359, 52
359, 47
359, 64
359, 125
359, 105
359, 157
359, 130
359, 187
359, 219
360, 0
360, 82
360, 121
360, 171
360, 169
360, 246
361, 7
361, 38
361, 36
361, 220
361, 250
361, 247
362, 10
362, 4
362, 40
362, 88
362, 78
362, 183
362, 164
362, 253
362, 235
363, 60
363, 50
363, 94
363, 80
363, 115
363, 114
363, 111
363, 109
363, 107
363, 147
363, 185
363, 178
363, 176
363, 200
363, 193
363, 192
363, 224
364, 23
364, 62
364, 51
364, 86
364, 75
364, 72
364, 113
364, 186
364, 180
364, 173
364, 161
364, 232
365, 12
365, 58
365, 52
365, 47
365, 91
365, 125
365, 105
365, 130
365, 187
366, 82
366, 121
366, 157
366, 171
366, 169
366, 242
367, 13
367, 7
367, 38
367, 36
367, 250
367, 247
368, 4
368, 40
368, 88
368, 78
368, 183
368, 164
368, 253
368, 235
369, 61
369, 60
369, 94
369, 80
369, 115
369, 114
369, 109
369, 147
369, 178
369, 176
369, 194
369, 192
369, 224
370, 29
370, 25
370, 23
370, 10
370, 0
370, 51
370, 85
370, 75
370, 64
370, 186
370, 180
370, 173
370, 161
370, 220
370, 214
370, 205
370, 193
370, 237
370, 232
371, 12
371, 58
371, 52
371, 86
371, 125
371, 105
371, 130
371, 219
371, 233
371, 225
372, 50
372, 82
372, 121
372, 157
372, 129
372, 171
372, 169
372, 246
372, 242
373, 7
373, 38
373, 36
373, 250
373, 247
374, 4
374, 42
374, 40
374, 88
374, 78
374, 188
374, 183
374, 253
374, 235
375, 60
375, 94
375, 109
375, 147
375, 178
375, 176
375, 194
375, 252
376, 29
376, 23
376, 10
376, 51
376, 85
376, 80
376, 75
376, 114
376, 113
376, 98
376, 180
376, 179
376, 173
376, 161
376, 214
376, 193
376, 192
376, 237
376, 232
377, 12
377, 58
377, 52
377, 86
377, 72
377, 66
377, 64
377, 105
377, 220
377, 225
378, 50
378, 82
378, 125
378, 121
378, 157
378, 171
378, 169
378, 242
379, 7
379, 38
379, 36
379, 130
379, 250
379, 247
379, 246
380, 40
380, 88
380, 188
380, 235
380, 233
381, 61
381, 60
381, 94
381, 78
381, 109
381, 176
381, 194
381, 252
382, 23
382, 13
382, 10
382, 0
382, 51
382, 85
382, 80
382, 75
382, 111
382, 147
382, 180
382, 179
382, 178
382, 173
382, 161
382, 192
382, 237
382, 232
383, 12
383, 58
383, 52
383, 91
383, 86
383, 105
383, 98
383, 220
383, 219
383, 205
383, 225
384, 4
384, 50
384, 82
384, 66
384, 125
384, 121
384, 171
384, 169
385, 7
385, 38
385, 250
386, 40
386, 88
386, 188
386, 235
387, 60
387, 94
387, 78
387, 109
387, 183
387, 194
387, 252
387, 247
388, 29
388, 23
388, 10
388, 51
388, 42
388, 36
388, 80
388, 75
388, 147
388, 180
388, 179
388, 178
388, 173
388, 161
388, 192
388, 237
388, 232
389, 12
389, 52
389, 43
389, 91
389, 86
389, 85
389, 72
389, 105
389, 97
389, 174
389, 220
389, 205
389, 225
390, 82
390, 66
390, 125
390, 121
390, 98
390, 132
390, 171
391, 7
391, 58
391, 38
391, 137
391, 250
392, 40
392, 88
392, 188
392, 169
393, 60
393, 94
393, 109
393, 219
393, 194
393, 252
394, 23
394, 10
394, 51
394, 50
394, 75
394, 179
394, 161
394, 237
394, 232
395, 12
395, 52
395, 43
395, 36
395, 86
395, 105
395, 97
395, 147
395, 220
395, 225
396, 29
396, 91
396, 82
396, 125
396, 121
396, 132
396, 171
396, 193
397, 7
397, 58
397, 38
397, 98
397, 191
397, 246
398, 40
398, 88
398, 156
398, 188
398, 208
399, 13
399, 60
399, 94
399, 80
399, 109
399, 194
399, 252
400, 28
400, 23
400, 10
400, 51
400, 50
400, 75
400, 179
400, 161
400, 237
401, 12
401, 43
401, 36
401, 105
401, 97
401, 147
401, 178
401, 174
401, 220
401, 205
401, 192
401, 242
401, 232
401, 225
402, 56
402, 86
402, 82
402, 125
402, 121
402, 132
403, 7
403, 191
403, 246
404, 40
404, 88
404, 188
404, 208
405, 60
405, 94
405, 109
405, 98
405, 219
405, 194
405, 252
406, 29
406, 51
406, 50
406, 35
406, 171
406, 202
406, 237
407, 13
407, 12
407, 105
407, 97
407, 156
407, 220
407, 225
408, 28
408, 56
408, 82
408, 132
408, 161
409, 7
409, 43
409, 191
410, 40
410, 88
410, 188
410, 208
411, 60
411, 94
411, 109
411, 98
411, 194
411, 252
412, 29
412, 51
412, 50
412, 42
412, 36
412, 35
412, 85
412, 114
412, 106
412, 179
412, 171
412, 202
412, 237
413, 13
413, 12
413, 34
413, 110
413, 97
413, 156
413, 220
413, 242
413, 225
414, 28
414, 56
414, 82
414, 80
414, 64
414, 125
414, 121
414, 105
414, 132
414, 129
415, 7
415, 43
415, 116
415, 191
415, 232
416, 88
416, 188
416, 161
416, 208
417, 60
417, 40
417, 94
417, 109
417, 98
417, 194
417, 252
418, 23
418, 51
418, 50
418, 35
418, 68
418, 114
418, 178
418, 202
418, 237
419, 12
419, 110
419, 97
419, 220
419, 199
419, 225
420, 28
420, 18
420, 56
420, 37
420, 82
420, 64
420, 105
420, 157
420, 132
420, 179
420, 171
420, 195
421, 29
421, 13
421, 47
421, 42
421, 36
421, 80
421, 69
421, 125
421, 111
421, 147
421, 129
421, 185
421, 174
421, 172
421, 193
421, 242
422, 7
422, 43
422, 88
422, 156
422, 148
422, 191
422, 188
422, 208
422, 232
423, 60
423, 94
423, 109
423, 252
423, 241
424, 51
424, 35
424, 237
425, 12
425, 85
425, 110
425, 97
425, 220
425, 225
426, 28
426, 56
426, 40
426, 37
426, 82
426, 132
427, 91
427, 98
428, 43
428, 34
428, 88
428, 156
428, 191
428, 188
428, 208
429, 60
429, 94
429, 122
429, 109
429, 194
429, 252
429, 241
430, 13
430, 51
430, 50
430, 36
430, 35
430, 80
430, 69
430, 68
430, 114
430, 179
430, 172
430, 202
430, 195
430, 237
431, 12
431, 7
431, 47
431, 125
431, 116
431, 110
431, 97
431, 190
431, 185
431, 220
431, 225
432, 28
432, 62
432, 56
432, 40
432, 37
432, 82
432, 64
432, 157
432, 132
432, 181
433, 98
433, 129
433, 199
433, 242
434, 88
434, 191
434, 188
434, 208
435, 60
435, 94
435, 109
435, 252
435, 241
436, 29
436, 51
436, 36
436, 35
436, 85
436, 122
436, 179
436, 202
436, 194
436, 237
437, 12
437, 50
437, 43
437, 114
437, 110
437, 106
437, 97
437, 190
437, 174
437, 173
437, 172
437, 220
437, 225
438, 28
438, 56
438, 47
438, 37
438, 91
438, 64
438, 132
438, 232
439, 38
439, 34
439, 98
439, 199
440, 88
440, 157
440, 188
440, 208
441, 60
441, 94
441, 109
441, 252
441, 241
442, 13
442, 51
442, 40
442, 35
442, 122
442, 185
442, 179
442, 202
442, 194
442, 237
443, 12
443, 50
443, 43
443, 82
443, 77
443, 111
443, 110
443, 97
443, 191
443, 171
443, 220
443, 225
444, 28
444, 56
444, 37
444, 36
444, 91
444, 80
444, 64
444, 125
444, 106
444, 104
444, 132
444, 172
444, 200
444, 195
445, 47
445, 34
445, 98
445, 156
445, 129
445, 174
445, 199
445, 193
445, 242
446, 88
446, 188
446, 208
446, 232
447, 60
447, 94
447, 109
447, 252
447, 241
448, 13
448, 51
448, 35
448, 122
448, 185
448, 202
448, 194
448, 237
449, 12
449, 62
449, 110
449, 191
449, 179
449, 220
449, 225
450, 28
450, 56
450, 50
450, 40
450, 37
450, 68
450, 106
450, 132
451, 98
451, 97
451, 199
451, 248
452, 34
452, 88
452, 188
452, 208
453, 60
453, 94
453, 109
453, 171
453, 219
453, 252
453, 241
454, 29
454, 13
454, 51
454, 36
454, 35
454, 122
454, 185
454, 202
455, 12
455, 64
455, 125
455, 110
455, 191
455, 190
455, 179
455, 245
455, 225
456, 28
456, 56
456, 50
456, 43
456, 37
456, 77
456, 68
456, 111
456, 132
456, 178
456, 242
456, 237
457, 26
457, 80
457, 98
457, 97
457, 254
457, 248
458, 88
458, 188
458, 220
458, 208
459, 60
459, 94
459, 109
459, 199
459, 252
460, 13
460, 51
460, 40
460, 35
460, 122
460, 202
461, 12
461, 33
461, 64
461, 110
461, 191
461, 179
461, 172
461, 245
461, 225
462, 29
462, 28
462, 56
462, 50
462, 48
462, 43
462, 37
462, 85
462, 77
462, 69
462, 68
462, 114
462, 111
462, 106
462, 104
462, 132
462, 190
462, 185
462, 178
462, 174
462, 214
462, 195
462, 193
462, 242
462, 237
463, 47
463, 34
463, 91
463, 80
463, 72
463, 125
463, 116
463, 98
463, 97
463, 156
463, 148
463, 133
463, 130
463, 254
463, 248
463, 232
464, 88
464, 157
464, 188
464, 220
464, 208
465, 60
465, 94
465, 109
465, 252
466, 51
466, 35
466, 122
466, 202
467, 26
467, 12
467, 64
467, 110
467, 179
467, 245
467, 225
468, 28
468, 13
468, 56
468, 37
468, 36
468, 69
468, 68
468, 132
468, 129
468, 190
468, 172
468, 242
469, 62
469, 47
469, 91
469, 116
469, 98
469, 97
469, 133
469, 248
469, 237
470, 33
470, 88
470, 79
470, 157
470, 188
470, 181
470, 220
470, 208
471, 60
471, 43
471, 94
471, 72
471, 109
471, 154
471, 185
471, 252
472, 51
472, 35
472, 80
472, 122
472, 170
472, 202
473, 25
473, 12
473, 64
473, 125
473, 110
473, 163
473, 245
473, 225
474, 28
474, 13
474, 56
474, 37
474, 69
474, 68
474, 114
474, 111
474, 104
474, 132
474, 129
474, 190
474, 178
474, 173
474, 193
475, 47
475, 36
475, 116
475, 133
475, 179
475, 248
475, 237
476, 88
476, 157
476, 188
476, 181
476, 220
476, 208
477, 60
477, 94
477, 67
477, 109
477, 252
478, 51
478, 122
478, 202
479, 25
479, 12
479, 35
479, 64
479, 245
479, 225
480, 29
480, 28
480, 56
480, 48
480, 85
480, 72
480, 147
480, 132
480, 190
480, 185
480, 174
480, 171
480, 163
480, 242
481, 62
481, 47
481, 156
481, 133
481, 179
481, 248
481, 237
482, 88
482, 157
482, 188
482, 161
482, 208
483, 60
483, 94
483, 109
483, 252
484, 51
484, 39
484, 122
484, 202
485, 25
485, 12
485, 35
485, 64
485, 129
485, 245
485, 225
486, 29
486, 28
486, 13
486, 56
486, 50
486, 43
486, 69
486, 68
486, 114
486, 111
486, 106
486, 147
486, 190
486, 185
486, 178
486, 173
486, 193
486, 242
487, 62
487, 125
487, 103
487, 98
487, 156
487, 154
487, 133
487, 179
487, 248
487, 241
487, 237
488, 88
488, 72
488, 157
488, 188
488, 161
488, 232
489, 60
489, 47
489, 94
489, 109
489, 219
489, 252
490, 51
490, 122
490, 202
491, 25
491, 12
491, 64
491, 214
491, 245
491, 225
492, 28
492, 56
492, 43
492, 39
492, 85
492, 80
492, 190
492, 163
493, 62
493, 97
493, 156
493, 133
493, 129
493, 179
493, 172
493, 248
493, 237
494, 88
494, 79
494, 68
494, 157
494, 188
494, 181
494, 161
495, 94
495, 109
495, 252
495, 251
496, 59
496, 51
496, 72
496, 122
496, 185
496, 171
496, 202
497, 25
497, 13
497, 12
497, 47
497, 36
497, 64
497, 102
497, 174
497, 245
497, 225
498, 28
498, 50
498, 48
498, 43
498, 33
498, 69
498, 125
498, 114
498, 111
498, 147
498, 170
498, 242
499, 91
499, 156
499, 133
499, 130
499, 163
499, 248
500, 60
500, 88
500, 157
500, 129
500, 188
500, 161
501, 94
501, 109
501, 252
502, 59
502, 51
502, 66
502, 122
502, 179
503, 25
503, 12
503, 62
503, 68
503, 102
503, 190
503, 214
503, 193
503, 245
503, 225
504, 29
504, 28
504, 36
504, 33
504, 80
504, 106
504, 105
504, 147
505, 56
505, 43
505, 72
505, 98
505, 97
505, 133
505, 173
505, 251
505, 248
506, 47
506, 91
506, 88
506, 79
506, 64
506, 121
506, 157
506, 129
506, 188
506, 161
507, 109
507, 103
507, 171
507, 196
507, 192
507, 252
508, 51
508, 39
508, 85
508, 144
509, 13
509, 12
509, 62
509, 94
509, 178
509, 245
509, 225
510, 29
510, 28
510, 59
510, 68
510, 111
510, 105
510, 102
510, 174
510, 205
510, 193
511, 125
511, 98
511, 97
511, 170
511, 251
511, 248
512, 61
512, 43
512, 91
512, 88
512, 64
512, 157
512, 133
512, 188
513, 79
513, 109
513, 103
513, 129
513, 192
513, 252
514, 51
514, 39
514, 66
514, 171
515, 13
515, 12
515, 245
515, 225
516, 29
516, 59
516, 37
516, 33
516, 114
516, 105
516, 147
516, 178
516, 242
517, 80
517, 72
517, 125
517, 113
517, 102
517, 248
518, 88
518, 157
518, 188
519, 109
519, 103
519, 192
519, 252
520, 61
520, 51
520, 43
520, 39
520, 117
521, 12
521, 64
521, 202
521, 245
521, 225
522, 29
522, 13
522, 0
522, 59
522, 50
522, 106
522, 105
522, 98
522, 97
522, 129
522, 178
522, 205
522, 193
523, 18
523, 42
523, 33
523, 156
523, 133
523, 130
523, 163
523, 248
524, 88
524, 80
524, 121
524, 113
524, 157
524, 188
524, 246
525, 17
525, 103
525, 252
526, 51
526, 43
526, 39
526, 117
526, 109
526, 180
527, 12
527, 64
527, 202
527, 245
527, 225
528, 29
528, 13
528, 59
528, 85
528, 114
528, 105
528, 97
528, 147
528, 242
529, 102
529, 98
529, 156
529, 130
529, 129
529, 173
529, 163
529, 196
529, 248
530, 91
530, 88
530, 66
530, 157
530, 188
531, 103
531, 252
532, 51
532, 39
533, 12
533, 202
533, 245
533, 225
534, 29
534, 13
534, 59
534, 50
534, 43
534, 42
534, 80
534, 69
534, 68
534, 113
534, 111
534, 109
534, 105
534, 147
534, 178
534, 172
534, 171
534, 192
535, 17
535, 64
535, 102
535, 98
535, 156
535, 214
535, 195
535, 248
536, 37
536, 91
536, 88
536, 86
536, 97
536, 133
536, 130
536, 129
536, 188
537, 119
537, 104
537, 103
537, 252
538, 51
538, 39
538, 246
539, 12
539, 245
539, 225
540, 29
540, 59
540, 43
540, 36
540, 80
540, 114
540, 109
540, 105
540, 171
541, 17
541, 65
541, 156
541, 144
541, 195
541, 193
541, 248
542, 62
542, 47
542, 88
542, 72
542, 121
542, 113
542, 98
542, 97
542, 133
542, 129
542, 185
542, 181
542, 178
542, 173
542, 214
542, 205
542, 242
543, 28
543, 94
543, 64
543, 103
543, 252
544, 51
544, 39
544, 85
544, 66
544, 188
545, 12
545, 245
545, 225
546, 86
546, 80
546, 109
546, 105
547, 17
547, 65
547, 156
547, 195
547, 248
547, 237
548, 13
548, 88
548, 114
548, 174
548, 242
549, 94
549, 99
549, 252
550, 51
550, 39
551, 12
551, 245
551, 225
552, 29
552, 59
552, 85
552, 69
552, 68
552, 111
552, 109
552, 106
552, 105
553, 17
553, 43
553, 89
553, 72
553, 98
553, 97
553, 156
553, 190
553, 248
554, 25
554, 56
554, 88
554, 80
554, 122
554, 121
554, 133
554, 129
554, 172
555, 28
555, 16
555, 13
555, 62
555, 79
555, 65
555, 114
555, 185
555, 181
555, 193
556, 18
556, 51
556, 180
557, 12
557, 173
557, 245
557, 225
558, 59
558, 39
558, 68
558, 109
558, 105
558, 104
558, 147
558, 174
558, 242
559, 43
559, 102
559, 99
559, 98
559, 97
559, 156
559, 248
560, 88
560, 133
560, 130
560, 188
561, 13
561, 122
561, 185
562, 51
563, 12
563, 62
563, 245
563, 225
564, 17
564, 59
564, 39
564, 68
564, 106
564, 105
564, 215
565, 29
565, 18
565, 0
565, 56
565, 36
565, 80
565, 72
565, 111
565, 109
565, 99
565, 98
565, 97
565, 147
565, 144
565, 129
565, 180
565, 178
565, 174
565, 171
565, 170
565, 193
565, 248
566, 88
566, 125
566, 121
566, 157
566, 188
566, 173
567, 251
568, 51
569, 12
569, 245
569, 225
570, 13
570, 59
570, 39
570, 105
571, 99
571, 97
571, 248
572, 88
574, 51
575, 12
575, 245
575, 225
576, 29
576, 59
576, 50
576, 43
576, 39
576, 68
576, 106
576, 105
576, 215
576, 205
576, 195
577, 18
577, 17
577, 13
577, 62
577, 42
577, 80
577, 72
577, 99
577, 98
577, 97
577, 157
577, 188
577, 172
577, 170
577, 248
578, 33
578, 88
578, 79
578, 121
579, 117
579, 144
579, 180
580, 51
581, 20
581, 12
581, 103
581, 196
581, 245
581, 225
582, 29
582, 16
582, 59
582, 50
582, 48
582, 43
582, 39
582, 92
582, 68
582, 114
582, 111
582, 105
582, 104
582, 147
582, 185
582, 178
582, 174
582, 171
582, 205
582, 193
582, 242
583, 18
583, 62
583, 89
583, 80
583, 125
583, 99
583, 98
583, 97
583, 157
583, 188
583, 173
583, 248
583, 246
584, 88
584, 64
584, 121
584, 172
584, 252
585, 180
586, 51
587, 12
587, 103
587, 245
588, 17
588, 59
588, 39
588, 92
588, 105
588, 104
589, 29
589, 18
589, 13
589, 0
589, 43
589, 42
589, 36
589, 85
589, 80
589, 99
589, 97
589, 147
589, 188
589, 185
589, 181
589, 178
589, 214
589, 193
589, 248
589, 225
590, 27
590, 89
590, 88
590, 195
590, 246
591, 180
592, 51
593, 12
593, 245
594, 17
594, 59
594, 39
594, 104
594, 103
595, 43
595, 92
595, 80
595, 99
595, 97
595, 173
595, 248
595, 225
596, 29
596, 88
596, 130
596, 181
596, 195
597, 65
597, 98
598, 51
599, 12
599, 245
600, 17
600, 13
600, 59
600, 39
600, 85
600, 68
600, 111
600, 104
600, 147
600, 178
600, 205
600, 193
601, 92
601, 80
601, 119
601, 99
601, 97
601, 248
601, 225
602, 88
602, 180
602, 195
603, 27
603, 215
604, 29
604, 51
604, 98
605, 6
605, 43
605, 121
605, 159
605, 173
605, 172
605, 214
605, 245
606, 17
606, 59
606, 39
606, 114
606, 251
607, 92
607, 80
607, 99
607, 97
607, 129
607, 205
607, 248
607, 225
608, 12
608, 89
608, 181
608, 195
609, 85
609, 65
609, 174
609, 215
610, 51
610, 91
610, 98
611, 62
611, 159
611, 245
612, 17
612, 13
612, 59
612, 43
612, 39
612, 69
612, 68
612, 111
612, 106
612, 147
612, 185
612, 178
612, 172
612, 193
612, 242
613, 16
613, 119
613, 97
613, 180
613, 173
613, 251
613, 248
613, 225
614, 88
614, 80
615, 99
616, 51
616, 98
617, 159
617, 245
618, 59
618, 39
618, 90
618, 79
618, 114
618, 205
619, 17
619, 13
619, 6
619, 48
619, 43
619, 103
619, 97
619, 180
619, 172
619, 248
619, 225
620, 88
620, 80
620, 157
620, 130
620, 196
621, 99
622, 51
622, 98
623, 121
623, 159
623, 245
624, 59
624, 39
624, 79
624, 68
624, 114
624, 104
625, 29
625, 17
625, 6
625, 0
625, 43
625, 92
625, 116
625, 103
625, 97
625, 173
625, 172
625, 215
625, 225
626, 13
626, 50
626, 42
626, 85
626, 80
626, 157
626, 147
626, 144
626, 130
626, 129
626, 190
626, 185
626, 181
626, 180
626, 174
626, 214
626, 196
626, 193
626, 248
627, 91
627, 171
627, 251
628, 19
628, 51
628, 88
628, 98
629, 62
629, 121
629, 159
629, 245
630, 59
630, 39
630, 105
631, 17
631, 92
631, 113
631, 111
631, 103
631, 97
631, 173
631, 225
632, 29
632, 36
632, 80
632, 114
632, 99
632, 144
632, 130
632, 196
632, 248
633, 94
633, 181
634, 51
634, 89
634, 98
635, 121
635, 159
635, 245
636, 6
636, 59
636, 43
636, 39
636, 68
636, 105
636, 178
636, 172
637, 17
637, 48
637, 92
637, 91
637, 78
637, 103
637, 97
637, 157
637, 185
637, 180
637, 193
637, 225
638, 19
638, 13
638, 42
638, 36
638, 80
638, 79
638, 65
638, 104
638, 99
638, 144
638, 130
638, 190
638, 188
638, 173
638, 171
638, 215
638, 248
639, 12
639, 125
639, 181
640, 51
640, 94
640, 98
641, 121
641, 159
641, 245
642, 59
642, 39
642, 85
642, 111
642, 105
642, 147
642, 178
643, 17
643, 43
643, 92
643, 91
643, 89
643, 103
643, 97
643, 180
643, 205
643, 195
643, 193
643, 225
644, 29
644, 36
644, 80
644, 65
644, 99
644, 188
644, 174
644, 214
644, 246
645, 12
645, 181
646, 18
646, 51
646, 98
647, 121
647, 245
648, 59
648, 39
648, 105
648, 104
648, 172
649, 17
649, 43
649, 89
649, 68
649, 97
649, 147
649, 185
649, 178
649, 193
649, 248
649, 242
649, 225
650, 92
650, 65
650, 99
650, 130
650, 180
650, 173
650, 246
651, 12
651, 103
651, 191
652, 27
652, 18
652, 51
652, 85
652, 98
653, 121
653, 245
654, 6
654, 59
654, 39
654, 80
655, 17
655, 13
655, 97
655, 188
655, 172
655, 225
656, 29
656, 92
656, 99
657, 43
657, 104
657, 103
657, 159
657, 191
657, 248
657, 228
658, 51
659, 174
659, 195
659, 245
660, 59
660, 48
660, 39
660, 80
660, 69
660, 68
660, 111
660, 178
660, 173
661, 17
661, 89
661, 97
661, 225
662, 12
662, 92
662, 99
662, 181
662, 172
663, 29
663, 191
663, 248
664, 51
664, 159
665, 114
665, 245
666, 16
666, 59
666, 39
666, 80
666, 147
667, 17
667, 48
667, 43
667, 89
667, 68
667, 106
667, 98
667, 97
667, 185
667, 205
667, 193
667, 242
667, 225
668, 13
668, 92
668, 79
668, 144
668, 130
668, 180
668, 215
669, 6
669, 103
669, 181
669, 248
670, 19
670, 51
670, 85
670, 172
671, 190
671, 251
671, 245
672, 0
672, 59
672, 39
672, 80
672, 114
672, 111
672, 147
672, 173
673, 17
673, 91
673, 90
673, 89
673, 98
673, 97
673, 129
673, 205
673, 225
674, 92
674, 65
674, 99
674, 159
674, 144
674, 180
674, 215
675, 29
675, 13
675, 214
675, 248
676, 19
676, 12
676, 51
677, 85
677, 105
677, 245
678, 59
678, 48
678, 43
678, 39
678, 80
678, 113
678, 103
678, 147
678, 178
678, 174
678, 173
678, 172
678, 251
679, 17
679, 91
679, 89
679, 98
679, 97
679, 130
679, 188
679, 225
680, 86
680, 159
680, 180
682, 19
682, 51
683, 105
683, 245
684, 59
684, 43
684, 39
685, 17
685, 91
685, 68
685, 98
685, 97
685, 225
686, 12
686, 89
686, 99
686, 159
686, 157
686, 144
686, 215
687, 13
687, 180
687, 248
688, 19
688, 51
688, 94
688, 78
689, 0
689, 90
689, 105
689, 188
689, 178
689, 173
689, 172
689, 245
690, 29
690, 16
690, 59
690, 50
690, 42
690, 39
690, 69
690, 106
690, 104
690, 103
690, 147
690, 185
690, 174
690, 205
690, 193
691, 6
691, 48
691, 98
691, 97
691, 246
691, 225
692, 12
692, 92
692, 89
692, 79
692, 74
692, 99
693, 248
694, 19
694, 51
695, 90
695, 172
695, 214
695, 245
696, 20
696, 59
696, 43
696, 39
696, 85
696, 68
696, 111
696, 104
696, 103
696, 193
697, 17
697, 6
697, 48
697, 91
697, 80
697, 98
697, 97
697, 251
697, 225
698, 29
698, 12
698, 0
698, 92
698, 89
698, 99
698, 159
698, 157
698, 144
698, 173
698, 171
699, 74
699, 72
699, 114
699, 130
699, 180
699, 248
700, 19
700, 51
701, 190
701, 172
701, 245
702, 59
702, 39
702, 104
702, 103
702, 178
703, 17
703, 6
703, 80
703, 98
703, 97
703, 225
704, 43
704, 92
704, 79
704, 121
704, 99
704, 159
704, 147
704, 193
705, 130
705, 180
705, 248
706, 19
706, 51
707, 245
708, 29
708, 59
708, 39
708, 68
708, 103
708, 172
708, 205
709, 17
709, 6
709, 91
709, 80
709, 98
709, 97
709, 246
709, 225
710, 13
710, 92
710, 121
710, 99
710, 159
710, 157
710, 181
711, 42
711, 78
711, 114
712, 51
713, 245
714, 59
714, 43
714, 39
714, 103
714, 147
715, 29
715, 19
715, 17
715, 80
715, 113
715, 98
715, 97
715, 178
715, 173
715, 195
715, 225
716, 92
716, 89
716, 85
716, 121
716, 159
716, 130
717, 91
717, 78
717, 172
718, 51
719, 104
719, 245
720, 16
720, 6
720, 59
720, 39
720, 36
720, 68
720, 185
720, 193
721, 19
721, 17
721, 13
721, 48
721, 80
721, 99
721, 98
721, 97
721, 147
721, 188
721, 180
721, 225
722, 29
722, 43
722, 92
722, 159
722, 144
722, 173
723, 89
724, 51
724, 90
724, 103
724, 248
725, 245
726, 6
726, 59
726, 39
726, 114
726, 104
726, 178
726, 172
726, 228
727, 19
727, 17
727, 85
727, 80
727, 79
727, 99
727, 98
727, 97
727, 185
727, 225
728, 16
728, 0
728, 43
728, 92
728, 159
728, 130
728, 180
728, 173
729, 89
729, 188
729, 181
729, 205
730, 51
730, 90
731, 245
732, 6
732, 59
732, 48
732, 39
732, 69
732, 68
732, 114
732, 111
732, 106
732, 147
732, 178
733, 19
733, 91
733, 80
733, 103
733, 99
733, 98
733, 97
733, 214
733, 225
734, 92
734, 78
734, 159
734, 144
734, 180
734, 175
735, 29
735, 42
735, 89
735, 85
735, 130
735, 181
736, 51
736, 246
737, 74
737, 245
738, 6
738, 59
738, 113
739, 43
739, 91
739, 80
739, 103
739, 99
739, 98
739, 97
739, 205
739, 225
740, 78
740, 159
740, 175
741, 44
741, 89
741, 130
742, 17
742, 51
743, 94
743, 172
743, 245
744, 13
744, 6
744, 59
744, 85
744, 68
744, 106
744, 104
745, 19
745, 43
745, 91
745, 80
745, 79
745, 98
745, 97
746, 78
746, 66
746, 181
747, 44
747, 144
747, 130
748, 51
748, 175
749, 17
749, 16
749, 245
750, 29
750, 20
750, 13
750, 0
750, 59
750, 48
750, 89
750, 113
750, 111
750, 106
750, 147
750, 178
750, 172
750, 205
751, 19
751, 6
751, 43
751, 92
751, 91
751, 80
751, 79
751, 119
751, 98
751, 97
752, 86
752, 78
752, 70
752, 66
752, 104
752, 157
752, 181
752, 180
752, 193
753, 44
753, 130
754, 51
754, 175
755, 17
755, 245
756, 29
756, 172
756, 205
757, 43
757, 91
757, 80
757, 79
757, 119
757, 98
757, 97
758, 19
758, 78
758, 158
758, 181
758, 246
759, 44
759, 130
760, 20
760, 51
760, 175
761, 0
761, 245
762, 17
762, 6
762, 104
762, 172
763, 43
763, 80
763, 79
763, 98
763, 190
763, 205
764, 91
764, 78
764, 65
764, 157
764, 133
764, 181
764, 248
765, 59
765, 72
765, 121
765, 193
766, 19
766, 51
766, 130
766, 184
767, 245
768, 20
768, 17
768, 6
768, 68
768, 97
768, 147
768, 178
768, 172
769, 48
769, 43
769, 92
769, 80
769, 79
769, 98
769, 205
770, 91
770, 86
770, 78
770, 157
770, 133
770, 181
771, 65
771, 121
771, 120
771, 117
771, 193
771, 255
772, 51
772, 39
772, 184
772, 180
773, 19
773, 62
773, 44
773, 104
773, 174
773, 245
774, 29
774, 20
774, 17
774, 6
774, 147
775, 43
775, 92
775, 98
775, 173
775, 242
776, 89
776, 85
776, 78
776, 119
776, 133
776, 181
776, 230
777, 120
777, 97
777, 193
777, 248
778, 51
778, 39
778, 184
779, 62
779, 104
779, 191
779, 245
780, 6
780, 68
780, 114
780, 111
780, 106
780, 147
780, 185
780, 174
780, 167
780, 205
781, 92
781, 98
781, 215
781, 251
782, 85
782, 78
782, 180
782, 230
783, 113
783, 97
784, 51
784, 39
785, 191
785, 184
785, 245
786, 17
786, 6
786, 120
786, 167
787, 20
787, 44
787, 43
787, 92
787, 89
787, 69
787, 106
787, 104
787, 98
787, 172
787, 215
787, 205
787, 242
788, 29
788, 13
788, 85
788, 79
788, 78
788, 72
788, 121
788, 114
788, 133
788, 130
788, 181
788, 180
788, 174
788, 214
788, 230
789, 62
789, 47
789, 97
790, 51
790, 157
791, 184
791, 245
792, 17
792, 6
792, 39
792, 111
793, 44
793, 43
793, 92
793, 113
793, 104
793, 98
793, 172
793, 167
794, 85
794, 79
794, 121
794, 133
794, 130
794, 191
794, 181
794, 248
794, 230
795, 25
795, 56
795, 47
795, 86
795, 78
795, 97
795, 129
795, 205
795, 252
796, 51
797, 245
798, 17
798, 6
798, 68
798, 114
798, 106
798, 147
798, 215
799, 48
799, 44
799, 43
799, 39
799, 92
799, 66
799, 113
799, 98
799, 157
799, 173
799, 172
800, 29
800, 19
800, 85
800, 121
800, 133
800, 130
800, 181
800, 170
800, 230
801, 59
801, 91
801, 97
801, 144
801, 252
801, 251
801, 225
802, 13
802, 51
802, 80
802, 79
802, 72
802, 190
802, 188
803, 25
803, 88
803, 245
804, 17
804, 0
804, 62
804, 111
804, 154
804, 185
804, 178
804, 215
804, 205
804, 193
805, 43
805, 39
805, 92
805, 86
805, 78
805, 65
805, 98
805, 157
806, 19
806, 6
806, 47
806, 85
806, 121
806, 120
806, 133
806, 130
806, 129
806, 181
806, 180
806, 174
806, 248
807, 59
807, 97
807, 170
807, 252
807, 230
807, 225
808, 51
808, 91
808, 80
808, 79
808, 104
808, 188
808, 242
809, 25
809, 13
809, 88
809, 190
809, 173
809, 214
809, 251
809, 245
810, 62
810, 66
810, 154
810, 147
810, 215
811, 29
811, 39
811, 92
811, 72
811, 119
811, 157
812, 19
812, 6
812, 85
812, 133
812, 181
812, 248
813, 59
813, 78
813, 97
813, 172
813, 170
813, 230
813, 225
814, 20
814, 51
814, 43
814, 91
814, 80
814, 79
814, 121
814, 114
814, 104
814, 129
814, 188
814, 178
814, 205
814, 193
815, 25
815, 17
815, 47
815, 88
815, 86
815, 125
815, 190
815, 173
815, 163
815, 251
815, 245
816, 13
816, 62
816, 33
816, 65
816, 113
816, 147
816, 185
816, 215
816, 196
817, 39
817, 92
817, 157
817, 154
817, 252
818, 19
818, 85
818, 120
818, 133
818, 181
818, 180
818, 174
818, 214
818, 248
819, 59
819, 119
819, 170
819, 225
820, 51
820, 188
820, 179
820, 193
821, 25
821, 88
821, 251
821, 245
822, 62
822, 43
822, 42
822, 72
822, 69
822, 147
822, 185
822, 178
822, 173
822, 215
822, 205
823, 39
823, 157
823, 252
824, 19
824, 85
824, 133
825, 59
825, 225
826, 51
826, 188
826, 179
827, 88
827, 245
828, 20
828, 80
828, 215
828, 205
828, 195
829, 17
829, 39
829, 157
829, 193
830, 29
830, 85
831, 59
831, 251
831, 225
832, 51
832, 79
832, 188
832, 179
833, 25
833, 19
833, 43
833, 88
833, 133
833, 245
834, 20
834, 13
834, 62
834, 50
834, 48
834, 90
834, 72
834, 69
834, 68
834, 114
834, 113
834, 111
834, 106
834, 97
834, 147
834, 178
834, 174
834, 172
834, 170
834, 215
834, 205
834, 195
834, 242
835, 39
835, 65
835, 119
835, 103
835, 98
835, 157
835, 214
836, 17
836, 47
836, 66
836, 121
836, 100
837, 181
837, 196
837, 251
837, 225
838, 51
838, 86
838, 79
838, 122
839, 25
839, 43
839, 88
839, 133
839, 163
839, 245
840, 62
840, 59
840, 125
840, 185
840, 170
840, 215
840, 193
841, 12
841, 39
841, 157
841, 188
842, 17
843, 225
844, 51
844, 79
845, 25
845, 88
845, 133
845, 163
845, 245
846, 29
846, 16
846, 13
846, 59
846, 50
846, 42
846, 85
846, 68
846, 122
846, 104
846, 147
846, 173
846, 215
846, 205
846, 193
847, 12
847, 62
847, 43
847, 39
847, 102
847, 98
847, 157
847, 196
847, 251
848, 17
848, 33
848, 97
848, 154
848, 188
848, 248
849, 170
849, 214
849, 225
850, 51
850, 181
851, 88
851, 121
851, 133
851, 245
852, 59
852, 80
852, 79
852, 120
852, 104
852, 172
852, 193
853, 25
853, 12
853, 62
853, 47
853, 39
853, 92
853, 72
853, 68
853, 157
853, 147
853, 129
853, 185
853, 173
853, 163
853, 205
853, 251
854, 17
854, 33
854, 103
854, 102
854, 188
854, 180
854, 215
854, 248
855, 48
855, 144
855, 170
855, 225
856, 29
856, 51
856, 105
856, 181
857, 88
857, 121
857, 133
857, 245
858, 13
858, 59
858, 85
858, 113
858, 97
858, 193
859, 12
859, 39
859, 157
859, 196
859, 251
860, 17
860, 114
860, 103
860, 154
860, 188
860, 215
860, 248
861, 19
861, 72
861, 65
861, 180
861, 173
861, 170
861, 252
861, 225
862, 20
862, 51
862, 105
863, 18
863, 62
863, 88
863, 121
863, 190
863, 195
863, 245
864, 29
864, 13
864, 59
864, 50
864, 47
864, 42
864, 36
864, 80
864, 69
864, 68
864, 111
864, 98
864, 147
864, 185
864, 178
864, 174
864, 172
864, 205
864, 193
864, 242
865, 12
865, 39
865, 64
865, 102
865, 157
865, 196
865, 251
866, 125
866, 103
866, 154
866, 133
866, 188
866, 248
867, 25
867, 65
867, 252
867, 225
868, 51
868, 105
868, 163
868, 214
869, 18
869, 17
869, 62
869, 88
869, 121
869, 129
869, 245
870, 20
870, 59
870, 48
870, 43
870, 104
870, 144
870, 174
870, 170
871, 12
871, 47
871, 39
871, 157
871, 185
871, 181
871, 193
871, 251
872, 103
872, 133
872, 188
872, 215
872, 248
873, 72
873, 65
873, 171
873, 252
873, 225
874, 51
874, 109
874, 105
875, 18
875, 17
875, 88
875, 85
875, 245
876, 29
876, 20
876, 13
876, 59
876, 42
876, 80
876, 69
876, 68
876, 122
876, 113
876, 111
876, 97
876, 147
876, 178
876, 173
876, 172
876, 170
876, 205
876, 200
876, 195
876, 242
877, 25
877, 12
877, 43
877, 39
877, 36
877, 92
877, 125
877, 102
877, 157
877, 129
877, 251
878, 62
878, 47
878, 114
878, 133
878, 188
878, 185
878, 181
878, 214
878, 193
878, 248
879, 65
879, 171
879, 225
880, 51
880, 121
880, 109
880, 105
881, 18
881, 17
881, 94
881, 88
881, 72
881, 245
882, 29
882, 85
882, 80
882, 122
882, 195
883, 25
883, 12
883, 39
883, 200
884, 62
884, 47
885, 65
885, 102
885, 225
886, 51
886, 105
887, 18
887, 17
887, 245
888, 13
888, 43
888, 36
888, 68
888, 122
888, 106
888, 147
888, 178
888, 174
888, 172
888, 195
888, 193
888, 242
889, 25
889, 12
889, 39
889, 125
889, 98
889, 154
889, 148
890, 121
890, 97
890, 157
890, 133
890, 173
890, 215
891, 85
891, 196
891, 251
891, 225
892, 51
892, 105
893, 18
893, 129
893, 185
893, 245
894, 13
894, 122
895, 12
895, 39
896, 59
896, 215
897, 79
897, 188
897, 225
898, 51
898, 105
898, 157
899, 25
899, 18
899, 17
899, 193
899, 245
900, 29
900, 20
900, 16
900, 13
900, 0
900, 50
900, 48
900, 43
900, 42
900, 69
900, 68
900, 114
900, 106
900, 104
900, 154
900, 147
900, 185
900, 178
900, 174
900, 173
900, 172
900, 170
900, 205
900, 195
900, 242
901, 12
901, 62
901, 39
901, 88
901, 64
901, 148
901, 133
901, 190
902, 59
902, 123
902, 215
902, 251
902, 248
903, 79
903, 72
903, 125
903, 180
903, 214
903, 225
904, 51
904, 105
904, 157
904, 163
905, 25
905, 116
905, 193
905, 245
906, 154
906, 173
907, 12
907, 39
907, 103
907, 133
908, 59
908, 215
908, 251
908, 248
909, 13
909, 48
909, 85
909, 72
909, 113
909, 129
909, 170
909, 205
909, 225
910, 51
910, 88
910, 105
910, 157
910, 163
911, 25
911, 245
913, 12
913, 39
914, 59
914, 215
915, 20
915, 17
915, 97
915, 188
915, 170
915, 225
916, 29
916, 51
916, 79
916, 105
916, 157
916, 163
916, 195
916, 193
917, 25
917, 18
917, 13
917, 0
917, 62
917, 50
917, 43
917, 42
917, 68
917, 111
917, 154
917, 147
917, 133
917, 178
917, 173
917, 248
917, 245
918, 33
918, 86
918, 80
918, 64
918, 123
918, 102
918, 129
918, 181
918, 171
918, 214
918, 251
919, 12
919, 39
919, 197
919, 232
920, 59
920, 119
920, 215
921, 117
921, 225
922, 51
922, 105
922, 157
922, 195
923, 20
923, 88
923, 113
923, 97
923, 133
923, 185
923, 180
923, 173
923, 163
923, 193
923, 248
923, 245
924, 62
924, 69
924, 114
924, 104
924, 171
924, 251
925, 17
925, 12
925, 39
925, 36
925, 33
925, 102
926, 215
927, 59
927, 225
928, 51
928, 105
928, 157
928, 195
929, 29
929, 88
929, 85
929, 72
929, 68
929, 113
929, 129
929, 190
929, 185
929, 180
929, 214
929, 205
929, 193
929, 248
929, 245
929, 242
930, 65
930, 170
931, 12
931, 39
932, 215
933, 59
933, 225
934, 51
934, 105
934, 188
934, 195
935, 88
935, 248
935, 245
936, 20
936, 17
936, 69
936, 170
937, 29
937, 12
937, 39
937, 36
937, 94
937, 190
937, 172
938, 181
938, 215
939, 59
939, 65
939, 109
939, 157
939, 225
940, 51
940, 79
940, 105
940, 179
940, 195
940, 193
940, 242
941, 28
941, 25
941, 18
941, 13
941, 0
941, 50
941, 42
941, 88
941, 72
941, 68
941, 111
941, 104
941, 147
941, 185
941, 178
941, 174
941, 173
941, 248
941, 245
942, 62
942, 125
942, 154
942, 133
943, 12
943, 39
943, 123
945, 59
945, 225
946, 51
947, 88
947, 248
947, 245
948, 43
948, 80
948, 172
948, 195
949, 25
949, 12
949, 39
949, 65
949, 97
949, 129
949, 205
949, 193
950, 17
950, 105
950, 215
951, 20
951, 13
951, 59
951, 36
951, 85
951, 225
952, 29
952, 51
952, 102
952, 147
953, 88
953, 72
953, 173
953, 245
954, 43
954, 196
954, 195
954, 251
954, 242
955, 16
955, 12
955, 39
955, 68
955, 122
955, 114
955, 106
955, 205
955, 193
955, 248
956, 18
956, 62
956, 105
956, 98
956, 97
956, 154
956, 190
956, 180
956, 172
956, 215
957, 13
957, 79
957, 64
957, 121
957, 157
957, 188
957, 185
957, 170
957, 225
958, 59
958, 51
959, 88
959, 245
960, 50
960, 48
960, 42
960, 80
960, 111
960, 104
960, 147
960, 178
960, 174
960, 196
961, 12
961, 39
961, 133
961, 163
961, 248
962, 25
962, 125
962, 123
963, 117
963, 157
964, 59
964, 51
965, 88
965, 193
965, 245
967, 12
967, 39
967, 133
967, 163
967, 248
968, 25
969, 117
969, 157
969, 215
970, 59
970, 51
971, 79
971, 69
971, 68
971, 113
971, 111
971, 245
972, 29
972, 17
972, 36
972, 97
972, 172
973, 16
973, 12
973, 43
973, 39
973, 104
973, 133
973, 163
973, 248
973, 225
974, 25
974, 62
974, 114
974, 147
974, 129
974, 185
974, 181
974, 173
974, 214
974, 205
974, 193
974, 242
975, 157
975, 251
976, 59
976, 51
977, 245
978, 17
978, 215
979, 12
979, 39
979, 225
982, 59
982, 51
983, 245
984, 17
984, 68
984, 106
984, 147
984, 215
984, 195
984, 242
985, 29
985, 16
985, 13
985, 12
985, 48
985, 39
985, 85
985, 113
985, 98
985, 173
985, 225
986, 92
986, 97
988, 59
988, 51
989, 111
989, 172
989, 245
990, 43
990, 80
990, 68
990, 114
990, 106
990, 104
990, 178
990, 215
990, 205
990, 251
991, 17
991, 39
991, 79
991, 98
991, 157
991, 225
992, 12
992, 97
992, 144
992, 130
992, 181
993, 65
993, 121
993, 105
993, 248
994, 18
994, 59
994, 51
994, 133
994, 180
995, 13
995, 72
995, 129
995, 185
995, 172
995, 193
995, 245
996, 215
996, 242
997, 39
997, 79
997, 157
997, 154
997, 225
998, 12
998, 0
998, 192
999, 105
1000, 59
1000, 51
1001, 19
1001, 42
1001, 173
1001, 248
1001, 245
1002, 29
1002, 20
1002, 17
1002, 13
1002, 62
1002, 50
1002, 80
1002, 69
1002, 114
1002, 111
1002, 103
1002, 147
1002, 178
1002, 215
1002, 205
1002, 195
1002, 193
1002, 242
1003, 16
1003, 43
1003, 39
1003, 33
1003, 85
1003, 64
1003, 119
1003, 113
1003, 102
1003, 154
1003, 180
1003, 214
1003, 225
1004, 90
1004, 88
1004, 98
1004, 188
1004, 196
1006, 51
1007, 245
1008, 104
1008, 103
1008, 172
1008, 195
1009, 39
1009, 65
1009, 154
1010, 88
1010, 122
1010, 196
1011, 25
1012, 51
1013, 245
1014, 17
1014, 16
1014, 68
1014, 185
1015, 59
1015, 48
1015, 43
1015, 90
1015, 80
1016, 248
1018, 51
1019, 123
1019, 245
1020, 69
1020, 106
1020, 215
1020, 195
1021, 16
1021, 59
1021, 39
1021, 79
1021, 98
1021, 97
1021, 172
1021, 205
1022, 17
1022, 13
1022, 6
1022, 50
1022, 48
1022, 43
1022, 42
1022, 90
1022, 80
1022, 68
1022, 65
1022, 114
1022, 111
1022, 104
1022, 157
1022, 147
1022, 190
1022, 185
1022, 181
1022, 178
1022, 174
1022, 193
1023, 92
1023, 119
1023, 148
1023, 133
1023, 248
1024, 25
1024, 62
1024, 51
1024, 125
1024, 251
1025, 123
1025, 214
1025, 245
1026, 173
1027, 59
1027, 79
1028, 43
1028, 97
1028, 181
1029, 65
1029, 148
1029, 133
1029, 248
1030, 25
1030, 51
1030, 120
1030, 157
1030, 251
1031, 17
1031, 62
1031, 117
1031, 129
1031, 185
1031, 215
1031, 193
1031, 245
1032, 33
1033, 59
1033, 79
1035, 133
1035, 248
1036, 51
1036, 157
1036, 251
1036, 230
1037, 113
1037, 215
1037, 205
1037, 245
1038, 17
1038, 0
1038, 43
1038, 39
1038, 69
1038, 114
1038, 147
1039, 59
1039, 85
1039, 79
1039, 65
1039, 181
1039, 225
1040, 129
1040, 212
1040, 195
1040, 193
1041, 173
1042, 51
1043, 215
1043, 245
1044, 17
1044, 16
1044, 90
1044, 205
1045, 29
1045, 20
1045, 43
1045, 65
1045, 147
1045, 225
1046, 98
1046, 195
1046, 193
1048, 51
1049, 245
1050, 17
1050, 215
1050, 205
1051, 39
1051, 85
1051, 172
1051, 225
1052, 43
1052, 195
1053, 65
1053, 98
1055, 245
1056, 17
1056, 122
1057, 225
1058, 195
1059, 65
1060, 18
1061, 245
1062, 20
1062, 17
1062, 39
1062, 122
1062, 106
1062, 215
1063, 16
1063, 13
1063, 79
1063, 69
1063, 68
1063, 98
1063, 172
1063, 225
1064, 29
1064, 59
1064, 51
1064, 43
1064, 92
1064, 97
1064, 157
1064, 144
1065, 80
1065, 121
1065, 104
1065, 147
1065, 190
1065, 185
1065, 181
1065, 178
1065, 205
1065, 193
1066, 133
1067, 245
1068, 17
1068, 39
1068, 215
1069, 79
1069, 167
1069, 225
1070, 59
1070, 51
1070, 157
1070, 195
1071, 13
1071, 43
1071, 123
1071, 181
1071, 174
1071, 173
1071, 172
1071, 205
1071, 193
1071, 242
1072, 65
1072, 98
1072, 133
1072, 248
1073, 25
1073, 120
1073, 251
1073, 245
1074, 48
1074, 39
1074, 85
1074, 72
1074, 185
1074, 215
1075, 79
1075, 170
1075, 225
1076, 12
1076, 59
1076, 51
1076, 157
1076, 163
1077, 13
1077, 97
1078, 133
1079, 245
1080, 39
1080, 215
1081, 79
1081, 179
1081, 225
1082, 12
1082, 59
1082, 157
1083, 111
1083, 163
1084, 17
1085, 25
1085, 245
1086, 39
1086, 69
1086, 68
1086, 147
1086, 215
1086, 205
1086, 242
1087, 29
1087, 225
1088, 12
1088, 59
1088, 79
1088, 157
1089, 51
1089, 163
1090, 100
1090, 133
1091, 25
1091, 245
1092, 50
1092, 43
1092, 39
1092, 68
1092, 104
1092, 215
1092, 193
1093, 192
1093, 251
1093, 225
1094, 12
1094, 59
1094, 103
1094, 157
1095, 29
1095, 13
1095, 51
1095, 179
1096, 79
1096, 100
1096, 154
1096, 133
1096, 173
1096, 172
1097, 72
1097, 123
1097, 153
1097, 129
1097, 196
1097, 245
1098, 16
1098, 6
1098, 50
1098, 43
1098, 42
1098, 39
1098, 68
1098, 114
1098, 111
1098, 106
1098, 104
1098, 147
1098, 215
1099, 62
1099, 48
1099, 33
1099, 80
1099, 64
1099, 113
1099, 98
1099, 214
1099, 212
1099, 251
1099, 248
1099, 225
1100, 17
1100, 12
1100, 59
1100, 116
1100, 103
1100, 97
1100, 157
1100, 144
1100, 130
1100, 181
1100, 170
1100, 192
1101, 19
1101, 51
1101, 91
1101, 121
1101, 109
1101, 185
1101, 205
1101, 193
1102, 133
1103, 163
1103, 245
1104, 39
1104, 215
1105, 62
1105, 251
1105, 248
1105, 225
1106, 17
1106, 12
1106, 59
1106, 103
1106, 157
1106, 144
1106, 181
1106, 170
1106, 192
1107, 29
1107, 19
1107, 13
1107, 61
1107, 51
1107, 50
1107, 36
1107, 33
1107, 85
1107, 80
1107, 79
1107, 72
1107, 113
1107, 109
1107, 105
1107, 97
1107, 147
1107, 188
1107, 178
1107, 205
1107, 193
1107, 242
1108, 18
1108, 64
1108, 125
1108, 121
1108, 102
1108, 98
1108, 154
1108, 133
1108, 180
1108, 173
1108, 172
1109, 86
1109, 130
1109, 163
1109, 252
1109, 245
1110, 39
1110, 104
1111, 251
1111, 248
1111, 225
1112, 12
1112, 103
1112, 157
1112, 144
1113, 51
1113, 105
1113, 188
1114, 59
1114, 154
1114, 133
1115, 88
1115, 72
1115, 129
1115, 185
1115, 163
1115, 214
1115, 245
1116, 39
1116, 33
1116, 192
1117, 61
1117, 42
1117, 102
1117, 251
1117, 248
1117, 225
1118, 20
1118, 12
1118, 80
1118, 157
1119, 17
1119, 51
1119, 113
1119, 105
1119, 178
1120, 25
1120, 0
1120, 133
1120, 181
1120, 195
1121, 59
1121, 154
1121, 171
1121, 163
1121, 193
1121, 245
1122, 13
1122, 50
1122, 48
1122, 43
1122, 39
1122, 88
1122, 85
1122, 72
1122, 69
1122, 68
1122, 64
1122, 114
1122, 111
1122, 106
1122, 104
1122, 147
1122, 185
1122, 180
1122, 174
1122, 173
1122, 215
1122, 205
1122, 242
1123, 125
1123, 121
1123, 103
1123, 170
1123, 252
1123, 248
1123, 225
1124, 12
1124, 157
1124, 188
1125, 51
1125, 105
1127, 163
1127, 245
1128, 39
1128, 88
1129, 225
1130, 12
1130, 59
1130, 109
1130, 157
1131, 51
1131, 105
1133, 245
1134, 39
1134, 88
1134, 192
1135, 103
1135, 225
1136, 29
1136, 12
1136, 59
1136, 109
1137, 17
1137, 51
1137, 105
1137, 195
1138, 20
1138, 13
1138, 113
1138, 111
1138, 106
1138, 97
1138, 178
1138, 215
1138, 205
1138, 248
1138, 242
1139, 25
1139, 163
1139, 214
1139, 245
1140, 39
1140, 85
1140, 133
1141, 225
1142, 12
1142, 59
1143, 51
1143, 105
1143, 179
1143, 195
1144, 17
1144, 129
1144, 172
1144, 215
1145, 29
1145, 25
1145, 13
1145, 50
1145, 43
1145, 79
1145, 72
1145, 69
1145, 68
1145, 193
1145, 245
1145, 242
1146, 16
1146, 62
1146, 39
1146, 33
1146, 114
1146, 104
1146, 157
1146, 154
1146, 133
1146, 190
1146, 248
1147, 0
1147, 42
1147, 88
1147, 80
1147, 123
1147, 116
1147, 102
1147, 170
1147, 163
1147, 225
1148, 12
1148, 59
1148, 181
1149, 51
1149, 64
1149, 113
1149, 147
1151, 25
1151, 245
1152, 39
1152, 154
1152, 215
1152, 195
1152, 193
1152, 248
1153, 48
1153, 72
1153, 157
1153, 173
1153, 163
1153, 205
1153, 225
1154, 12
1154, 180
1155, 51
1155, 94
1157, 245
1158, 20
1158, 39
1158, 215
1159, 179
1159, 195
1159, 225
1160, 17
1160, 12
1161, 29
1161, 51
1161, 94
1161, 122
1162, 59
1162, 36
1162, 79
1162, 68
1162, 154
1162, 172
1163, 25
1163, 50
1163, 69
1163, 97
1163, 157
1163, 129
1163, 185
1163, 193
1163, 248
1163, 245
1164, 39
1164, 147
1164, 190
1164, 173
1164, 215
1164, 196
1165, 88
1165, 214
1165, 225
1166, 12
1166, 195
1167, 51
1167, 94
1167, 65
1168, 17
1168, 59
1168, 36
1168, 121
1169, 20
1169, 47
1169, 68
1169, 174
1169, 245
