0, 209
1, 22
3, 267
4, 7
6, 661
9, 653
11, 649
12, 28
12, 203
12, 613
12, 681
13, 677
14, 695
14, 675
15, 159
15, 673
15, 672
16, 151
18, 686
18, 685
20, 74
21, 430
21, 629
22, 671
22, 670
22, 699
22, 672
23, 56
23, 669
23, 674
23, 673
24, 666
24, 690
25, 664
25, 663
26, 614
26, 660
26, 659
26, 658
26, 684
27, 302
27, 654
27, 652
27, 687
27, 680
27, 679
27, 677
28, 354
28, 682
29, 645
29, 644
29, 677
29, 676
29, 675
29, 674
29, 672
30, 417
30, 670
30, 669
30, 668
31, 638
31, 671
31, 670
31, 667
31, 666
32, 665
32, 663
32, 661
33, 664
33, 662
33, 660
33, 659
33, 658
33, 656
34, 657
34, 654
34, 653
35, 655
35, 652
35, 651
35, 647
35, 646
35, 680
35, 677
36, 248
36, 320
36, 571
36, 576
36, 639
36, 637
36, 644
36, 641
36, 682
36, 681
36, 676
37, 422
37, 568
37, 636
37, 670
37, 669
37, 640
37, 684
37, 678
37, 677
37, 675
37, 674
37, 672
38, 218
38, 557
38, 634
38, 631
38, 630
38, 628
38, 621
38, 671
38, 668
38, 667
38, 666
39, 247
39, 573
39, 580
39, 578
39, 576
39, 625
39, 624
39, 619
39, 668
39, 665
39, 664
40, 572
40, 564
40, 545
40, 618
40, 614
40, 663
40, 662
40, 661
40, 660
40, 659
40, 658
40, 657
40, 655
40, 654
41, 524
41, 562
41, 560
41, 558
41, 609
41, 656
41, 652
41, 650
41, 649
41, 647
41, 646
42, 277
42, 555
42, 552
42, 551
42, 548
42, 547
42, 544
42, 580
42, 639
42, 657
42, 653
42, 651
42, 648
42, 643
42, 640
43, 540
43, 534
43, 574
43, 572
43, 571
43, 569
43, 545
43, 576
43, 638
43, 637
43, 636
43, 635
43, 634
43, 633
43, 631
43, 646
43, 645
43, 644
43, 641
43, 684
43, 681
43, 678
44, 430
44, 465
44, 526
44, 523
44, 515
44, 560
44, 559
44, 557
44, 555
44, 632
44, 630
44, 629
44, 628
44, 627
44, 626
44, 625
44, 624
44, 622
44, 680
44, 677
44, 676
45, 510
45, 504
45, 500
45, 483
45, 481
45, 556
45, 546
45, 545
45, 583
45, 623
45, 621
45, 620
45, 619
45, 618
45, 617
45, 616
45, 615
45, 613
45, 612
45, 670
45, 669
45, 675
45, 674
45, 673
46, 490
46, 488
46, 480
46, 542
46, 541
46, 539
46, 538
46, 534
46, 520
46, 544
46, 607
46, 606
46, 605
46, 602
46, 601
46, 600
46, 598
46, 580
46, 579
46, 576
46, 614
46, 609
46, 671
46, 668
46, 667
46, 665
46, 663
46, 672
47, 347
47, 363
47, 425
47, 423
47, 421
47, 418
47, 477
47, 475
47, 473
47, 469
47, 467
47, 508
47, 507
47, 503
47, 501
47, 522
47, 519
47, 514
47, 575
47, 572
47, 571
47, 569
47, 567
47, 565
47, 562
47, 604
47, 603
47, 599
47, 597
47, 596
47, 593
47, 592
47, 590
47, 666
47, 664
47, 661
47, 660
48, 366
48, 415
48, 413
48, 390
48, 387
48, 385
48, 444
48, 443
48, 441
48, 439
48, 436
48, 435
48, 430
48, 428
48, 426
48, 479
48, 478
48, 476
48, 474
48, 472
48, 463
48, 459
48, 458
48, 449
48, 506
48, 502
48, 495
48, 488
48, 487
48, 486
48, 484
48, 483
48, 482
48, 481
48, 561
48, 559
48, 558
48, 555
48, 554
48, 553
48, 552
48, 551
48, 549
48, 548
48, 547
48, 545
48, 595
48, 591
48, 589
48, 588
48, 587
48, 586
48, 585
48, 662
48, 659
48, 658
48, 657
48, 655
48, 654
48, 653
48, 648
49, 295
49, 375
49, 372
49, 414
49, 412
49, 411
49, 408
49, 407
49, 447
49, 446
49, 445
49, 442
49, 437
49, 431
49, 429
49, 427
49, 424
49, 423
49, 421
49, 420
49, 417
49, 416
49, 475
49, 473
49, 471
49, 470
49, 468
49, 467
49, 466
49, 465
49, 464
49, 462
49, 461
49, 460
49, 457
49, 456
49, 453
49, 452
49, 450
49, 543
49, 542
49, 541
49, 540
49, 539
49, 538
49, 535
49, 534
49, 533
49, 530
49, 528
49, 515
49, 514
49, 513
49, 546
49, 583
49, 582
49, 581
49, 580
49, 576
49, 656
49, 651
49, 650
49, 649
49, 647
49, 646
49, 644
49, 642
50, 382
50, 381
50, 378
50, 377
50, 376
50, 374
50, 371
50, 415
50, 413
50, 410
50, 409
50, 406
50, 405
50, 404
50, 403
50, 401
50, 397
50, 392
50, 391
50, 388
50, 384
50, 441
50, 440
50, 439
50, 436
50, 434
50, 433
50, 432
50, 431
50, 430
50, 429
50, 428
50, 425
50, 422
50, 419
50, 418
50, 469
50, 451
50, 448
50, 505
50, 501
50, 500
50, 498
50, 494
50, 493
50, 490
50, 489
50, 529
50, 518
50, 575
50, 571
50, 569
50, 568
50, 566
50, 579
50, 578
50, 577
50, 639
50, 638
50, 637
50, 636
50, 634
50, 629
50, 643
50, 641
50, 640
51, 351
51, 347
51, 344
51, 383
51, 380
51, 379
51, 377
51, 375
51, 374
51, 372
51, 370
51, 369
51, 368
51, 367
51, 366
51, 365
51, 364
51, 362
51, 361
51, 360
51, 358
51, 356
51, 414
51, 409
51, 408
51, 400
51, 399
51, 398
51, 396
51, 394
51, 393
51, 385
51, 447
51, 446
51, 444
51, 443
51, 442
51, 440
51, 439
51, 438
51, 437
51, 435
51, 427
51, 424
51, 423
51, 421
51, 420
51, 416
51, 468
51, 466
51, 464
51, 463
51, 462
51, 461
51, 460
51, 459
51, 458
51, 456
51, 455
51, 454
51, 452
51, 449
51, 488
51, 487
51, 484
51, 482
51, 557
51, 556
51, 633
51, 631
51, 630
51, 628
51, 627
51, 626
51, 625
51, 622
51, 621
51, 618
51, 681
51, 678
51, 677
51, 674
52, 281
52, 317
52, 350
52, 349
52, 348
52, 346
52, 345
52, 343
52, 342
52, 341
52, 340
52, 335
52, 334
52, 333
52, 332
52, 329
52, 328
52, 382
52, 381
52, 378
52, 376
52, 373
52, 371
52, 368
52, 365
52, 363
52, 362
52, 361
52, 359
52, 357
52, 355
52, 354
52, 353
52, 352
52, 412
52, 411
52, 407
52, 406
52, 403
52, 402
52, 397
52, 395
52, 392
52, 391
52, 390
52, 389
52, 388
52, 387
52, 386
52, 436
52, 433
52, 432
52, 430
52, 428
52, 419
52, 418
52, 417
52, 467
52, 491
52, 540
52, 531
52, 525
52, 596
52, 594
52, 591
52, 588
52, 586
52, 585
52, 635
52, 632
52, 626
52, 624
52, 623
52, 620
52, 619
52, 617
52, 615
52, 613
52, 611
52, 608
52, 671
52, 676
52, 675
52, 673
52, 672
53, 176
53, 222
53, 253
53, 252
53, 250
53, 245
53, 239
53, 237
53, 230
53, 229
53, 287
53, 286
53, 285
53, 284
53, 283
53, 279
53, 278
53, 277
53, 276
53, 272
53, 269
53, 268
53, 267
53, 263
53, 262
53, 260
53, 259
53, 257
53, 256
53, 319
53, 316
53, 315
53, 314
53, 313
53, 312
53, 311
53, 309
53, 308
53, 307
53, 305
53, 304
53, 303
53, 302
53, 301
53, 298
53, 297
53, 296
53, 293
53, 291
53, 290
53, 289
53, 288
53, 351
53, 339
53, 338
53, 337
53, 336
53, 331
53, 330
53, 327
53, 326
53, 325
53, 324
53, 323
53, 322
53, 320
53, 383
53, 425
53, 509
53, 481
53, 530
53, 528
53, 527
53, 526
53, 523
53, 522
53, 516
53, 574
53, 607
53, 605
53, 603
53, 602
53, 600
53, 595
53, 584
53, 583
53, 582
53, 581
53, 580
53, 579
53, 578
53, 577
53, 612
53, 610
53, 609
53, 670
53, 669
54, 145
54, 183
54, 208
54, 196
54, 248
54, 246
54, 244
54, 282
54, 275
54, 266
54, 264
54, 310
54, 302
54, 299
54, 344
54, 343
54, 328
54, 326
54, 363
54, 352
54, 421
54, 472
54, 468
54, 466
54, 459
54, 457
54, 456
54, 502
54, 499
54, 497
54, 494
54, 493
54, 487
54, 575
54, 573
54, 572
54, 571
54, 570
54, 569
54, 568
54, 567
54, 566
54, 565
54, 564
54, 563
54, 562
54, 561
54, 558
54, 601
54, 598
54, 597
54, 576
54, 668
54, 667
54, 666
54, 665
54, 664
54, 663
55, 166
55, 349
55, 345
55, 402
55, 396
55, 441
55, 435
55, 422
55, 477
55, 476
55, 469
55, 467
55, 464
55, 463
55, 462
55, 485
55, 484
55, 480
55, 533
55, 531
55, 528
55, 527
55, 526
55, 560
55, 559
55, 557
55, 556
55, 555
55, 554
55, 553
55, 552
55, 551
55, 549
55, 548
55, 546
55, 595
55, 662
55, 661
55, 660
55, 659
55, 658
56, 219
56, 286
56, 408
56, 404
56, 403
56, 398
56, 447
56, 446
56, 445
56, 443
56, 442
56, 440
56, 439
56, 432
56, 431
56, 429
56, 420
56, 419
56, 461
56, 458
56, 456
56, 455
56, 454
56, 451
56, 450
56, 448
56, 511
56, 509
56, 508
56, 505
56, 503
56, 496
56, 493
56, 486
56, 540
56, 525
56, 520
56, 519
56, 518
56, 517
56, 516
56, 515
56, 513
56, 512
56, 544
56, 588
56, 584
56, 657
56, 656
56, 655
56, 654
56, 652
56, 651
56, 650
57, 381
57, 379
57, 377
57, 370
57, 367
57, 360
57, 353
57, 414
57, 408
57, 407
57, 406
57, 394
57, 390
57, 389
57, 384
57, 444
57, 417
57, 478
57, 474
57, 473
57, 472
57, 468
57, 466
57, 463
57, 459
57, 457
57, 453
57, 449
57, 507
57, 504
57, 494
57, 492
57, 491
57, 490
57, 489
57, 487
57, 483
57, 482
57, 481
57, 480
57, 537
57, 573
57, 582
57, 581
57, 579
57, 578
57, 577
57, 576
57, 635
57, 653
57, 648
57, 647
57, 645
57, 644
57, 643
57, 642
57, 640
58, 314
58, 378
58, 376
58, 375
58, 374
58, 373
58, 372
58, 371
58, 369
58, 368
58, 366
58, 365
58, 364
58, 363
58, 362
58, 359
58, 358
58, 356
58, 415
58, 413
58, 411
58, 410
58, 409
58, 406
58, 405
58, 403
58, 402
58, 401
58, 400
58, 399
58, 398
58, 397
58, 396
58, 395
58, 393
58, 392
58, 391
58, 388
58, 387
58, 385
58, 447
58, 441
58, 438
58, 437
58, 435
58, 434
58, 433
58, 431
58, 429
58, 428
58, 427
58, 425
58, 424
58, 423
58, 422
58, 421
58, 420
58, 419
58, 418
58, 416
58, 477
58, 458
58, 454
58, 450
58, 575
58, 574
58, 572
58, 571
58, 569
58, 564
58, 561
58, 639
58, 638
58, 637
58, 633
58, 631
58, 625
58, 646
58, 641
58, 681
58, 677
59, 244
59, 285
59, 266
59, 260
59, 258
59, 319
59, 318
59, 316
59, 313
59, 312
59, 308
59, 306
59, 305
59, 304
59, 301
59, 300
59, 295
59, 290
59, 288
59, 350
59, 349
59, 348
59, 347
59, 346
59, 345
59, 344
59, 343
59, 342
59, 341
59, 340
59, 339
59, 338
59, 336
59, 335
59, 334
59, 333
59, 332
59, 331
59, 329
59, 328
59, 327
59, 325
59, 324
59, 322
59, 321
59, 320
59, 383
59, 380
59, 370
59, 367
59, 361
59, 360
59, 357
59, 355
59, 353
59, 352
59, 386
59, 542
59, 541
59, 538
59, 531
59, 563
59, 550
59, 545
59, 632
59, 630
59, 629
59, 628
59, 627
59, 626
59, 620
59, 618
59, 617
59, 616
59, 613
59, 679
59, 678
59, 674
60, 171
60, 253
60, 249
60, 247
60, 239
60, 236
60, 287
60, 286
60, 284
60, 278
60, 277
60, 276
60, 274
60, 265
60, 263
60, 261
60, 256
60, 307
60, 302
60, 292
60, 326
60, 464
60, 462
60, 540
60, 534
60, 530
60, 528
60, 605
60, 602
60, 588
60, 585
60, 584
60, 583
60, 582
60, 623
60, 619
60, 615
60, 614
60, 611
60, 610
60, 609
60, 668
60, 673
60, 672
61, 178
61, 206
61, 233
61, 310
61, 479
61, 471
61, 525
61, 523
61, 522
61, 521
61, 516
61, 515
61, 575
61, 574
61, 573
61, 571
61, 607
61, 604
61, 603
61, 599
61, 580
61, 579
61, 578
61, 577
61, 576
61, 622
61, 608
61, 671
61, 666
62, 257
62, 447
62, 417
62, 465
62, 460
62, 451
62, 450
62, 502
62, 498
62, 496
62, 495
62, 494
62, 487
62, 486
62, 485
62, 572
62, 570
62, 569
62, 567
62, 566
62, 565
62, 564
62, 563
62, 562
62, 560
62, 559
62, 558
62, 551
62, 600
62, 592
62, 664
62, 663
62, 662
62, 661
63, 414
63, 472
63, 459
63, 543
63, 541
63, 540
63, 539
63, 535
63, 532
63, 529
63, 527
63, 524
63, 521
63, 517
63, 516
63, 514
63, 513
63, 561
63, 557
63, 556
63, 555
63, 553
63, 552
63, 550
63, 548
63, 547
63, 545
63, 589
63, 588
63, 587
63, 665
63, 660
63, 658
63, 657
63, 656
63, 655
63, 654
64, 314
64, 415
64, 410
64, 405
64, 399
64, 398
64, 395
64, 444
64, 439
64, 427
64, 424
64, 423
64, 418
64, 457
64, 453
64, 510
64, 509
64, 508
64, 507
64, 506
64, 504
64, 503
64, 498
64, 497
64, 494
64, 492
64, 490
64, 488
64, 486
64, 484
64, 483
64, 482
64, 481
64, 542
64, 526
64, 519
64, 518
64, 515
64, 512
64, 580
64, 653
64, 652
64, 651
65, 376
65, 361
65, 412
65, 397
65, 394
65, 393
65, 392
65, 390
65, 386
65, 384
65, 446
65, 445
65, 442
65, 441
65, 440
65, 439
65, 438
65, 437
65, 436
65, 434
65, 433
65, 432
65, 431
65, 430
65, 429
65, 428
65, 426
65, 422
65, 420
65, 476
65, 474
65, 473
65, 471
65, 469
65, 468
65, 466
65, 463
65, 462
65, 461
65, 459
65, 457
65, 455
65, 452
65, 450
65, 502
65, 501
65, 480
65, 639
65, 638
65, 650
65, 649
65, 644
65, 642
65, 641
65, 640
66, 350
66, 349
66, 379
66, 377
66, 373
66, 372
66, 371
66, 370
66, 369
66, 368
66, 367
66, 366
66, 364
66, 363
66, 362
66, 359
66, 355
66, 354
66, 352
66, 413
66, 411
66, 410
66, 409
66, 408
66, 407
66, 406
66, 405
66, 404
66, 403
66, 402
66, 400
66, 396
66, 395
66, 391
66, 388
66, 387
66, 385
66, 435
66, 425
66, 423
66, 421
66, 419
66, 417
66, 416
66, 570
66, 637
66, 634
66, 633
66, 627
66, 625
66, 620
66, 648
66, 643
66, 680
66, 678
66, 676
67, 175
67, 255
67, 245
67, 244
67, 242
67, 284
67, 283
67, 281
67, 274
67, 271
67, 266
67, 264
67, 263
67, 260
67, 317
67, 316
67, 314
67, 310
67, 308
67, 304
67, 302
67, 301
67, 298
67, 297
67, 289
67, 348
67, 346
67, 345
67, 342
67, 340
67, 339
67, 338
67, 337
67, 336
67, 335
67, 334
67, 333
67, 332
67, 331
67, 330
67, 329
67, 328
67, 326
67, 325
67, 324
67, 321
67, 320
67, 358
67, 356
67, 353
67, 542
67, 535
67, 531
67, 529
67, 587
67, 586
67, 630
67, 626
67, 623
67, 622
67, 621
67, 675
67, 672
68, 222
68, 221
68, 206
68, 252
68, 248
68, 246
68, 236
68, 229
68, 275
68, 318
68, 311
68, 296
68, 347
68, 487
68, 528
68, 526
68, 522
68, 514
68, 603
68, 602
68, 601
68, 585
68, 581
68, 580
68, 577
68, 576
68, 624
68, 613
68, 608
68, 671
68, 666
69, 146
69, 233
69, 225
69, 472
69, 463
69, 502
69, 500
69, 493
69, 575
69, 573
69, 571
69, 570
69, 569
69, 568
69, 567
69, 565
69, 564
69, 563
69, 562
69, 598
69, 593
69, 668
69, 665
69, 663
69, 662
70, 412
70, 442
70, 437
70, 478
70, 474
70, 488
70, 529
70, 560
70, 557
70, 554
70, 552
70, 549
70, 592
70, 591
70, 661
70, 660
70, 657
70, 654
71, 413
71, 397
71, 444
71, 442
71, 438
71, 434
71, 417
71, 464
71, 461
71, 458
71, 457
71, 454
71, 450
71, 449
71, 510
71, 507
71, 506
71, 504
71, 493
71, 541
71, 537
71, 535
71, 534
71, 527
71, 525
71, 521
71, 520
71, 518
71, 517
71, 516
71, 515
71, 545
71, 590
71, 587
71, 661
71, 659
71, 658
71, 656
71, 648
72, 383
72, 376
72, 375
72, 360
72, 415
72, 409
72, 408
72, 407
72, 405
72, 403
72, 401
72, 391
72, 387
72, 384
72, 447
72, 445
72, 436
72, 433
72, 425
72, 421
72, 416
72, 478
72, 477
72, 476
72, 468
72, 463
72, 460
72, 459
72, 458
72, 453
72, 448
72, 503
72, 502
72, 500
72, 494
72, 490
72, 487
72, 484
72, 483
72, 574
72, 581
72, 579
72, 639
72, 652
72, 650
72, 647
72, 646
72, 643
72, 642
72, 641
73, 266
73, 351
73, 341
73, 335
73, 322
73, 382
73, 381
73, 380
73, 379
73, 378
73, 373
73, 372
73, 371
73, 370
73, 368
73, 366
73, 365
73, 364
73, 363
73, 359
73, 357
73, 355
73, 352
73, 413
73, 412
73, 411
73, 410
73, 406
73, 404
73, 402
73, 400
73, 399
73, 398
73, 389
73, 386
73, 385
73, 443
73, 441
73, 437
73, 435
73, 430
73, 428
73, 427
73, 426
73, 424
73, 420
73, 418
73, 471
73, 451
73, 566
73, 564
73, 638
73, 636
73, 635
73, 634
73, 632
73, 649
73, 645
73, 644
73, 640
73, 681
74, 253
74, 249
74, 248
74, 237
74, 286
74, 285
74, 284
74, 282
74, 281
74, 275
74, 270
74, 267
74, 263
74, 319
74, 318
74, 317
74, 315
74, 313
74, 312
74, 311
74, 310
74, 307
74, 306
74, 305
74, 304
74, 301
74, 300
74, 298
74, 296
74, 295
74, 294
74, 293
74, 292
74, 290
74, 350
74, 349
74, 348
74, 347
74, 346
74, 345
74, 344
74, 343
74, 342
74, 340
74, 339
74, 337
74, 336
74, 332
74, 329
74, 327
74, 326
74, 325
74, 324
74, 321
74, 383
74, 358
74, 356
74, 354
74, 397
74, 390
74, 388
74, 384
74, 432
74, 541
74, 538
74, 558
74, 556
74, 554
74, 546
74, 637
74, 631
74, 629
74, 628
74, 626
74, 613
74, 678
74, 676
74, 675
74, 672
75, 157
75, 222
75, 220
75, 216
75, 214
75, 213
75, 210
75, 209
75, 198
75, 196
75, 195
75, 194
75, 255
75, 254
75, 252
75, 251
75, 250
75, 246
75, 242
75, 241
75, 239
75, 235
75, 234
75, 226
75, 225
75, 283
75, 278
75, 277
75, 274
75, 273
75, 269
75, 268
75, 264
75, 314
75, 309
75, 308
75, 302
75, 291
75, 289
75, 351
75, 338
75, 331
75, 323
75, 366
75, 461
75, 457
75, 542
75, 531
75, 525
75, 601
75, 587
75, 585
75, 583
75, 582
75, 627
75, 625
75, 623
75, 622
75, 621
75, 620
75, 619
75, 617
75, 616
75, 614
75, 611
75, 610
75, 671
75, 674
76, 208
76, 207
76, 204
76, 200
76, 231
76, 316
76, 330
76, 467
76, 466
76, 506
76, 523
76, 520
76, 573
76, 572
76, 571
76, 570
76, 605
76, 604
76, 602
76, 581
76, 580
76, 579
76, 578
76, 612
76, 670
76, 669
76, 667
76, 666
76, 665
76, 673
77, 190
77, 266
77, 261
77, 310
77, 296
77, 332
77, 419
77, 477
77, 455
77, 454
77, 507
77, 504
77, 496
77, 492
77, 574
77, 569
77, 568
77, 567
77, 565
77, 564
77, 563
77, 561
77, 560
77, 555
77, 553
77, 552
77, 607
77, 610
77, 668
77, 663
77, 661
77, 660
77, 658
78, 143
78, 447
78, 441
78, 423
78, 417
78, 479
78, 475
78, 471
78, 464
78, 450
78, 449
78, 543
78, 542
78, 540
78, 539
78, 528
78, 519
78, 518
78, 562
78, 551
78, 550
78, 548
78, 547
78, 545
78, 544
78, 591
78, 590
78, 589
78, 588
78, 665
78, 662
78, 659
78, 656
78, 655
78, 654
78, 652
79, 301
79, 380
79, 378
79, 369
79, 408
79, 402
79, 392
79, 390
79, 443
79, 440
79, 438
79, 436
79, 435
79, 431
79, 430
79, 426
79, 421
79, 418
79, 416
79, 448
79, 510
79, 508
79, 501
79, 495
79, 488
79, 538
79, 530
79, 522
79, 587
79, 584
79, 582
79, 580
79, 579
79, 578
79, 657
79, 653
79, 651
79, 650
79, 649
79, 646
79, 643
79, 695
80, 382
80, 376
80, 375
80, 373
80, 372
80, 366
80, 362
80, 361
80, 357
80, 356
80, 407
80, 404
80, 403
80, 401
80, 400
80, 397
80, 394
80, 391
80, 389
80, 387
80, 385
80, 444
80, 442
80, 441
80, 439
80, 437
80, 434
80, 432
80, 429
80, 428
80, 427
80, 420
80, 476
80, 472
80, 471
80, 465
80, 464
80, 462
80, 461
80, 457
80, 454
80, 453
80, 452
80, 451
80, 450
80, 449
80, 448
80, 502
80, 483
80, 481
80, 573
80, 572
80, 568
80, 566
80, 639
80, 631
80, 630
80, 648
80, 647
80, 642
80, 641
80, 640
80, 680
81, 105
81, 280
81, 276
81, 350
81, 348
81, 346
81, 344
81, 340
81, 334
81, 329
81, 326
81, 383
81, 381
81, 378
81, 374
81, 371
81, 369
81, 368
81, 367
81, 365
81, 364
81, 358
81, 355
81, 352
81, 415
81, 413
81, 412
81, 411
81, 410
81, 407
81, 406
81, 405
81, 402
81, 399
81, 398
81, 395
81, 393
81, 392
81, 388
81, 384
81, 421
81, 569
81, 567
81, 558
81, 637
81, 634
81, 632
81, 628
81, 627
81, 626
81, 685
82, 183
82, 204
82, 255
82, 254
82, 251
82, 248
82, 230
82, 287
82, 286
82, 285
82, 283
82, 282
82, 277
82, 272
82, 268
82, 267
82, 266
82, 262
82, 261
82, 319
82, 318
82, 316
82, 315
82, 314
82, 313
82, 312
82, 309
82, 306
82, 304
82, 301
82, 298
82, 290
82, 288
82, 343
82, 339
82, 338
82, 333
82, 331
82, 330
82, 325
82, 324
82, 323
82, 320
82, 545
82, 633
82, 629
82, 625
82, 624
82, 623
82, 622
82, 621
82, 620
82, 618
82, 612
82, 610
82, 608
82, 671
82, 670
82, 679
82, 675
82, 673
82, 672
83, 133
83, 181
83, 177
83, 173
83, 206
83, 252
83, 250
83, 241
83, 238
83, 236
83, 233
83, 281
83, 275
83, 270
83, 269
83, 311
83, 310
83, 307
83, 303
83, 295
83, 344
83, 322
83, 356
83, 476
83, 525
83, 523
83, 520
83, 515
83, 602
83, 601
83, 593
83, 587
83, 586
83, 583
83, 579
83, 577
83, 576
83, 619
83, 616
83, 615
83, 614
83, 611
83, 669
83, 668
83, 667
83, 666
83, 665
83, 677
84, 176
84, 240
84, 228
84, 468
84, 459
84, 497
84, 494
84, 490
84, 573
84, 572
84, 567
84, 564
84, 561
84, 605
84, 600
84, 596
84, 578
84, 609
84, 664
84, 663
84, 660
85, 342
85, 443
85, 442
85, 479
85, 474
85, 473
85, 470
85, 469
85, 488
85, 485
85, 484
85, 482
85, 525
85, 566
85, 560
85, 558
85, 557
85, 555
85, 554
85, 553
85, 551
85, 549
85, 547
85, 544
85, 597
85, 592
85, 591
85, 662
85, 661
85, 658
85, 657
85, 655
85, 654
86, 363
86, 410
86, 444
86, 441
86, 440
86, 438
86, 427
86, 422
86, 417
86, 457
86, 456
86, 450
86, 449
86, 510
86, 509
86, 508
86, 504
86, 493
86, 542
86, 527
86, 526
86, 523
86, 522
86, 521
86, 519
86, 518
86, 517
86, 581
86, 659
86, 653
86, 652
86, 650
86, 649
86, 648
86, 645
87, 383
87, 369
87, 413
87, 412
87, 411
87, 407
87, 401
87, 393
87, 388
87, 385
87, 443
87, 435
87, 434
87, 426
87, 424
87, 416
87, 478
87, 474
87, 473
87, 471
87, 460
87, 458
87, 455
87, 454
87, 452
87, 502
87, 500
87, 497
87, 494
87, 491
87, 489
87, 486
87, 483
87, 481
87, 480
87, 651
87, 647
87, 642
87, 641
88, 345
88, 382
88, 377
88, 376
88, 372
88, 367
88, 365
88, 363
88, 415
88, 414
88, 410
88, 409
88, 408
88, 405
88, 403
88, 398
88, 397
88, 396
88, 395
88, 392
88, 387
88, 386
88, 384
88, 446
88, 445
88, 439
88, 436
88, 433
88, 432
88, 431
88, 429
88, 428
88, 425
88, 423
88, 421
88, 419
88, 418
88, 448
88, 575
88, 572
88, 570
88, 637
88, 635
88, 629
88, 627
88, 640
89, 281
89, 276
89, 269
89, 268
89, 267
89, 259
89, 319
89, 317
89, 316
89, 315
89, 311
89, 309
89, 307
89, 303
89, 302
89, 298
89, 292
89, 291
89, 289
89, 351
89, 350
89, 349
89, 348
89, 347
89, 346
89, 344
89, 343
89, 342
89, 341
89, 339
89, 338
89, 335
89, 332
89, 329
89, 327
89, 326
89, 324
89, 323
89, 321
89, 378
89, 375
89, 371
89, 370
89, 362
89, 361
89, 360
89, 359
89, 358
89, 356
89, 353
89, 393
89, 391
89, 390
89, 562
89, 557
89, 544
89, 638
89, 634
89, 633
89, 631
89, 630
89, 628
89, 626
89, 623
89, 621
89, 616
89, 612
89, 643
89, 642
89, 677
89, 675
90, 183
90, 202
90, 194
90, 255
90, 252
90, 250
90, 247
90, 245
90, 234
90, 229
90, 286
90, 283
90, 278
90, 277
90, 274
90, 272
90, 265
90, 261
90, 260
90, 257
90, 313
90, 306
90, 304
90, 295
90, 290
90, 331
90, 328
90, 320
90, 352
90, 494
90, 541
90, 538
90, 536
90, 534
90, 530
90, 527
90, 523
90, 607
90, 606
90, 586
90, 579
90, 627
90, 625
90, 624
90, 619
90, 618
90, 614
90, 611
90, 610
90, 667
90, 674
90, 673
91, 161
91, 216
91, 233
91, 224
91, 263
91, 311
91, 333
91, 472
91, 468
91, 464
91, 522
91, 518
91, 575
91, 574
91, 570
91, 568
91, 605
91, 604
91, 602
91, 601
91, 600
91, 584
91, 580
91, 577
91, 620
91, 612
91, 669
91, 666
91, 664
91, 663
91, 672
92, 108
92, 425
92, 457
92, 456
92, 453
92, 451
92, 504
92, 492
92, 491
92, 490
92, 488
92, 487
92, 484
92, 482
92, 533
92, 573
92, 571
92, 569
92, 565
92, 564
92, 562
92, 561
92, 559
92, 554
92, 553
92, 551
92, 596
92, 595
92, 594
92, 593
92, 592
92, 668
92, 665
92, 662
92, 661
92, 660
92, 659
92, 657
93, 443
93, 442
93, 438
93, 436
93, 478
93, 467
93, 461
93, 460
93, 459
93, 450
93, 449
93, 448
93, 539
93, 532
93, 528
93, 523
93, 560
93, 547
93, 545
93, 588
93, 658
93, 655
93, 651
94, 377
94, 373
94, 412
94, 410
94, 405
94, 446
94, 444
94, 437
94, 436
94, 433
94, 430
94, 427
94, 426
94, 420
94, 418
94, 475
94, 474
94, 509
94, 508
94, 507
94, 505
94, 503
94, 502
94, 500
94, 497
94, 495
94, 494
94, 493
94, 485
94, 483
94, 481
94, 480
94, 537
94, 534
94, 517
94, 513
94, 586
94, 584
94, 583
94, 579
94, 656
94, 654
94, 653
94, 650
94, 649
94, 648
94, 647
94, 646
95, 107
95, 383
95, 382
95, 380
95, 375
95, 372
95, 369
95, 367
95, 365
95, 364
95, 358
95, 411
95, 408
95, 407
95, 403
95, 400
95, 399
95, 397
95, 390
95, 389
95, 388
95, 387
95, 386
95, 385
95, 445
95, 443
95, 441
95, 440
95, 439
95, 434
95, 432
95, 431
95, 429
95, 425
95, 419
95, 467
95, 466
95, 465
95, 463
95, 460
95, 457
95, 456
95, 452
95, 451
95, 484
95, 574
95, 572
95, 570
95, 569
95, 639
95, 638
95, 635
95, 634
95, 632
95, 628
95, 645
95, 644
95, 643
95, 642
95, 641
95, 640
95, 686
96, 351
96, 348
96, 347
96, 346
96, 343
96, 342
96, 341
96, 340
96, 338
96, 332
96, 330
96, 325
96, 321
96, 320
96, 381
96, 379
96, 378
96, 376
96, 366
96, 361
96, 355
96, 354
96, 353
96, 352
96, 413
96, 406
96, 405
96, 404
96, 401
96, 396
96, 395
96, 394
96, 393
96, 392
96, 384
96, 422
96, 421
96, 417
96, 567
96, 565
96, 563
96, 553
96, 551
96, 549
96, 637
96, 633
96, 631
96, 630
96, 627
96, 626
96, 623
96, 681
97, 255
97, 254
97, 253
97, 252
97, 249
97, 247
97, 285
97, 281
97, 279
97, 278
97, 276
97, 275
97, 274
97, 272
97, 267
97, 265
97, 256
97, 319
97, 318
97, 316
97, 314
97, 313
97, 311
97, 307
97, 306
97, 304
97, 303
97, 302
97, 301
97, 299
97, 298
97, 297
97, 295
97, 294
97, 292
97, 290
97, 289
97, 288
97, 345
97, 336
97, 329
97, 327
97, 324
97, 323
97, 322
97, 359
97, 541
97, 540
97, 538
97, 605
97, 602
97, 590
97, 586
97, 625
97, 624
97, 622
97, 621
97, 620
97, 619
97, 617
97, 611
97, 610
97, 669
97, 677
97, 673
98, 190
98, 204
98, 250
98, 244
98, 240
98, 238
98, 231
98, 282
98, 273
98, 268
98, 266
98, 261
98, 308
98, 305
98, 296
98, 293
98, 349
98, 326
98, 525
98, 521
98, 517
98, 514
98, 604
98, 603
98, 601
98, 600
98, 599
98, 598
98, 596
98, 584
98, 583
98, 581
98, 579
98, 578
98, 577
98, 576
98, 628
98, 612
98, 608
98, 671
98, 670
98, 674
99, 150
99, 186
99, 233
99, 339
99, 442
99, 420
99, 498
99, 494
99, 512
99, 575
99, 573
99, 572
99, 571
99, 570
99, 569
99, 568
99, 567
99, 564
99, 563
99, 561
99, 560
99, 602
99, 594
99, 667
99, 666
99, 664
99, 663
99, 662
99, 661
100, 475
100, 471
100, 465
100, 463
100, 458
100, 480
100, 543
100, 540
100, 531
100, 529
100, 526
100, 559
100, 558
100, 557
100, 556
100, 555
100, 554
100, 553
100, 552
100, 550
100, 549
100, 548
100, 547
100, 546
100, 668
100, 665
100, 657
100, 655
100, 654
100, 653
101, 412
101, 408
101, 397
101, 444
101, 443
101, 441
101, 440
101, 438
101, 436
101, 435
101, 434
101, 433
101, 459
101, 456
101, 454
101, 448
101, 508
101, 506
101, 504
101, 503
101, 499
101, 492
101, 490
101, 487
101, 484
101, 538
101, 523
101, 519
101, 518
101, 516
101, 513
101, 582
101, 659
101, 658
101, 656
101, 655
101, 652
101, 650
101, 649
101, 648
101, 646
102, 379
102, 364
102, 406
102, 395
102, 392
102, 388
102, 439
102, 437
102, 421
102, 479
102, 478
102, 473
102, 461
102, 460
102, 456
102, 453
102, 452
102, 450
102, 496
102, 494
102, 485
102, 481
102, 573
102, 572
102, 639
102, 643
102, 642
102, 641
102, 640
103, 84
103, 383
103, 381
103, 378
103, 377
103, 375
103, 372
103, 370
103, 368
103, 363
103, 358
103, 356
103, 354
103, 415
103, 414
103, 412
103, 410
103, 409
103, 408
103, 407
103, 402
103, 400
103, 398
103, 396
103, 393
103, 390
103, 389
103, 384
103, 446
103, 440
103, 432
103, 431
103, 426
103, 424
103, 420
103, 419
103, 418
103, 417
103, 416
103, 564
103, 562
103, 637
103, 636
103, 635
103, 633
103, 632
103, 631
103, 629
103, 628
103, 625
103, 624
103, 647
104, 239
104, 285
104, 283
104, 282
104, 278
104, 275
104, 268
104, 264
104, 262
104, 259
104, 319
104, 318
104, 317
104, 312
104, 311
104, 307
104, 306
104, 305
104, 299
104, 294
104, 292
104, 289
104, 349
104, 347
104, 346
104, 345
104, 344
104, 343
104, 342
104, 339
104, 335
104, 334
104, 333
104, 332
104, 328
104, 324
104, 323
104, 322
104, 321
104, 371
104, 359
104, 391
104, 385
104, 536
104, 559
104, 626
104, 623
104, 622
104, 621
104, 620
104, 618
104, 617
104, 612
104, 610
104, 671
104, 676
104, 675
104, 672
105, 180
105, 194
105, 249
105, 248
105, 246
105, 286
105, 284
105, 273
105, 267
105, 316
105, 298
105, 348
105, 325
105, 320
105, 532
105, 530
105, 528
105, 526
105, 525
105, 520
105, 519
105, 604
105, 603
105, 595
105, 580
105, 579
105, 611
105, 609
105, 678
106, 41
106, 219
106, 255
106, 245
106, 270
106, 338
106, 509
106, 507
106, 494
106, 493
106, 492
106, 521
106, 518
106, 512
106, 574
106, 573
106, 571
106, 565
106, 606
106, 597
106, 593
106, 619
106, 667
106, 666
106, 665
106, 664
106, 663
107, 490
107, 564
107, 561
107, 558
107, 557
107, 555
107, 550
107, 549
107, 544
107, 603
107, 599
107, 596
107, 590
107, 662
107, 661
107, 660
107, 659
107, 657
108, 223
108, 412
108, 407
108, 445
108, 441
108, 440
108, 437
108, 433
108, 466
108, 464
108, 453
108, 450
108, 511
108, 506
108, 543
108, 542
108, 540
108, 535
108, 533
108, 522
108, 521
108, 520
108, 517
108, 514
108, 552
108, 546
108, 545
108, 586
108, 583
108, 658
108, 656
108, 653
108, 648
109, 382
109, 370
109, 363
109, 415
109, 409
109, 399
109, 396
109, 394
109, 393
109, 436
109, 427
109, 417
109, 478
109, 472
109, 461
109, 502
109, 501
109, 500
109, 498
109, 496
109, 495
109, 493
109, 483
109, 481
109, 538
109, 515
109, 513
109, 575
109, 585
109, 654
109, 652
109, 651
109, 650
109, 647
109, 646
109, 645
109, 644
110, 377
110, 375
110, 374
110, 373
110, 372
110, 369
110, 366
110, 364
110, 360
110, 359
110, 356
110, 414
110, 413
110, 410
110, 406
110, 403
110, 398
110, 391
110, 387
110, 384
110, 447
110, 446
110, 445
110, 443
110, 437
110, 435
110, 434
110, 432
110, 431
110, 430
110, 427
110, 426
110, 425
110, 424
110, 422
110, 416
110, 474
110, 457
110, 452
110, 451
110, 450
110, 449
110, 448
110, 637
110, 636
110, 635
110, 634
110, 633
110, 632
110, 631
110, 629
110, 625
110, 649
110, 642
110, 640
111, 60
111, 284
111, 283
111, 259
111, 319
111, 317
111, 316
111, 314
111, 313
111, 306
111, 305
111, 350
111, 346
111, 345
111, 343
111, 341
111, 338
111, 333
111, 332
111, 330
111, 329
111, 328
111, 327
111, 325
111, 324
111, 383
111, 380
111, 378
111, 362
111, 357
111, 355
111, 354
111, 353
111, 352
111, 412
111, 405
111, 404
111, 402
111, 401
111, 400
111, 397
111, 395
111, 392
111, 388
111, 385
111, 560
111, 558
111, 553
111, 638
111, 630
111, 627
111, 626
111, 624
111, 623
111, 622
111, 619
111, 677
111, 676
112, 66
112, 135
112, 165
112, 216
112, 209
112, 250
112, 285
112, 280
112, 278
112, 277
112, 275
112, 274
112, 273
112, 265
112, 264
112, 261
112, 260
112, 318
112, 310
112, 304
112, 296
112, 293
112, 289
112, 340
112, 339
112, 331
112, 537
112, 529
112, 528
112, 544
112, 588
112, 586
112, 581
112, 628
112, 621
112, 618
112, 617
112, 615
112, 614
112, 612
112, 610
112, 609
112, 669
112, 672
113, 154
113, 220
113, 254
113, 297
113, 323
113, 508
113, 520
113, 575
113, 572
113, 604
113, 603
113, 602
113, 601
113, 600
113, 597
113, 596
113, 582
113, 580
113, 579
113, 616
113, 668
113, 666
113, 665
113, 664
114, 307
114, 467
114, 505
114, 495
114, 493
114, 571
114, 569
114, 565
114, 563
114, 560
114, 558
114, 556
114, 594
114, 663
114, 662
114, 660
115, 140
115, 412
115, 438
115, 471
115, 470
115, 464
115, 460
115, 455
115, 542
115, 535
115, 531
115, 523
115, 522
115, 561
115, 550
115, 548
115, 546
115, 545
115, 544
115, 583
115, 658
115, 657
115, 656
115, 655
115, 652
115, 646
116, 64
116, 379
116, 440
116, 430
116, 429
116, 479
116, 453
116, 511
116, 510
116, 509
116, 506
116, 505
116, 501
116, 496
116, 493
116, 492
116, 489
116, 487
116, 540
116, 530
116, 524
116, 520
116, 518
116, 515
116, 579
116, 654
116, 653
116, 650
116, 649
116, 645
116, 643
117, 383
117, 377
117, 376
117, 372
117, 371
117, 366
117, 364
117, 363
117, 362
117, 407
117, 406
117, 405
117, 404
117, 401
117, 396
117, 445
117, 443
117, 441
117, 439
117, 438
117, 437
117, 435
117, 434
117, 426
117, 423
117, 477
117, 475
117, 467
117, 466
117, 465
117, 463
117, 459
117, 458
117, 451
117, 448
117, 503
117, 502
117, 494
117, 485
117, 529
117, 528
117, 639
117, 638
117, 636
117, 635
117, 634
117, 651
117, 647
117, 641
117, 640
118, 349
118, 345
118, 338
118, 378
118, 374
118, 368
118, 360
118, 356
118, 355
118, 354
118, 352
118, 415
118, 414
118, 411
118, 410
118, 409
118, 403
118, 398
118, 396
118, 395
118, 394
118, 392
118, 387
118, 386
118, 384
118, 440
118, 428
118, 424
118, 422
118, 421
118, 420
118, 417
118, 416
118, 481
118, 633
118, 632
118, 629
118, 627
118, 626
118, 622
118, 644
119, 79
119, 175
119, 239
119, 235
119, 286
119, 285
119, 284
119, 280
119, 274
119, 272
119, 271
119, 270
119, 263
119, 262
119, 260
119, 256
119, 319
119, 317
119, 315
119, 314
119, 313
119, 311
119, 306
119, 305
119, 301
119, 293
119, 291
119, 348
119, 346
119, 343
119, 342
119, 336
119, 333
119, 330
119, 327
119, 326
119, 325
119, 324
119, 322
119, 321
119, 320
119, 541
119, 535
119, 534
119, 531
119, 528
119, 549
119, 637
119, 630
119, 628
119, 624
119, 623
119, 618
119, 616
119, 615
119, 613
119, 612
119, 608
119, 676
119, 672
120, 137
120, 177
120, 228
120, 261
120, 257
120, 304
120, 292
120, 339
120, 353
120, 530
120, 527
120, 517
120, 607
120, 606
120, 605
120, 603
120, 602
120, 592
120, 589
120, 586
120, 579
120, 614
120, 611
120, 610
120, 609
120, 670
120, 669
120, 668
120, 667
120, 665
120, 662
121, 248
121, 345
121, 340
121, 332
121, 494
121, 574
121, 572
121, 571
121, 570
121, 566
121, 564
121, 560
121, 600
121, 597
121, 577
121, 666
121, 664
121, 663
122, 195
122, 297
122, 338
122, 335
122, 322
122, 397
122, 479
122, 474
122, 488
122, 483
122, 543
122, 527
122, 563
122, 561
122, 556
122, 554
122, 553
122, 551
122, 550
122, 546
122, 544
122, 601
122, 599
122, 591
122, 590
122, 587
122, 661
122, 659
122, 658
122, 657
122, 653
123, 374
123, 441
123, 439
123, 463
123, 460
123, 457
123, 451
123, 511
123, 540
123, 539
123, 536
123, 531
123, 528
123, 522
123, 520
123, 519
123, 518
123, 516
123, 514
123, 548
123, 580
123, 651
123, 646
124, 378
124, 371
124, 365
124, 411
124, 400
124, 442
124, 422
124, 476
124, 473
124, 471
124, 468
124, 467
124, 459
124, 456
124, 453
124, 509
124, 508
124, 503
124, 502
124, 501
124, 494
124, 490
124, 481
124, 538
124, 532
124, 637
124, 631
124, 654
124, 650
124, 649
124, 648
124, 645
124, 644
124, 643
124, 642
124, 640
125, 347
125, 380
125, 379
125, 369
125, 366
125, 358
125, 355
125, 412
125, 409
125, 408
125, 407
125, 405
125, 404
125, 398
125, 397
125, 396
125, 394
125, 393
125, 389
125, 388
125, 385
125, 438
125, 436
125, 435
125, 434
125, 432
125, 431
125, 430
125, 426
125, 425
125, 423
125, 421
125, 419
125, 452
125, 450
125, 449
125, 570
125, 568
125, 639
125, 636
125, 635
125, 633
125, 632
125, 629
125, 688
125, 673
126, 283
126, 279
126, 278
126, 271
126, 266
126, 265
126, 262
126, 261
126, 317
126, 312
126, 305
126, 304
126, 295
126, 290
126, 288
126, 351
126, 349
126, 346
126, 343
126, 341
126, 340
126, 337
126, 336
126, 328
126, 325
126, 382
126, 372
126, 368
126, 360
126, 357
126, 353
126, 352
126, 400
126, 427
126, 534
126, 628
126, 627
126, 626
126, 625
126, 624
126, 622
126, 621
126, 619
126, 610
127, 107
127, 253
127, 250
127, 236
127, 229
127, 270
127, 257
127, 256
127, 314
127, 302
127, 296
127, 292
127, 350
127, 334
127, 331
127, 322
127, 354
127, 493
127, 537
127, 528
127, 606
127, 602
127, 582
127, 616
127, 615
127, 613
127, 611
127, 671
127, 670
127, 669
127, 668
127, 667
128, 244
128, 238
128, 275
128, 319
128, 310
128, 301
128, 473
128, 463
128, 500
128, 512
128, 573
128, 572
128, 570
128, 567
128, 605
128, 601
128, 595
128, 594
128, 578
128, 576
128, 614
128, 612
128, 663
128, 662
128, 660
129, 472
129, 487
129, 565
129, 564
129, 563
129, 562
129, 559
129, 558
129, 556
129, 555
129, 554
129, 598
129, 597
129, 593
129, 664
129, 661
129, 659
129, 658
129, 657
130, 316
130, 376
130, 446
130, 445
130, 442
130, 439
130, 416
130, 465
130, 458
130, 455
130, 510
130, 509
130, 543
130, 535
130, 526
130, 525
130, 524
130, 523
130, 517
130, 516
130, 560
130, 553
130, 551
130, 550
130, 547
130, 591
130, 588
130, 583
130, 656
130, 655
130, 653
130, 651
130, 650
130, 648
130, 646
131, 194
131, 301
131, 362
131, 406
131, 403
131, 399
131, 393
131, 476
131, 508
131, 504
131, 503
131, 502
131, 501
131, 499
131, 498
131, 496
131, 495
131, 492
131, 486
131, 480
131, 582
131, 649
131, 647
131, 644
132, 382
132, 380
132, 373
132, 371
132, 363
132, 414
132, 411
132, 405
132, 392
132, 390
132, 387
132, 447
132, 444
132, 441
132, 438
132, 436
132, 435
132, 432
132, 431
132, 430
132, 427
132, 425
132, 423
132, 422
132, 419
132, 417
132, 472
132, 471
132, 452
132, 449
132, 566
132, 562
132, 639
132, 638
132, 636
132, 635
132, 645
132, 643
132, 641
132, 640
132, 678
133, 282
133, 280
133, 311
133, 310
133, 293
133, 351
133, 350
133, 348
133, 346
133, 343
133, 338
133, 336
133, 331
133, 322
133, 378
133, 372
133, 361
133, 359
133, 357
133, 353
133, 352
133, 404
133, 397
133, 396
133, 389
133, 388
133, 386
133, 424
133, 563
133, 561
133, 544
133, 632
133, 631
133, 630
133, 629
133, 628
133, 626
133, 625
133, 624
133, 622
133, 621
133, 616
133, 615
133, 672
134, 89
134, 155
134, 169
134, 217
134, 207
134, 226
134, 224
134, 287
134, 283
134, 275
134, 274
134, 273
134, 272
134, 260
134, 259
134, 309
134, 303
134, 300
134, 341
134, 340
134, 335
134, 328
134, 327
134, 326
134, 490
134, 534
134, 600
134, 635
134, 633
134, 619
134, 613
134, 611
134, 671
134, 669
134, 668
134, 667
134, 675
135, 216
135, 202
135, 244
135, 243
135, 241
135, 286
135, 276
135, 264
135, 314
135, 302
135, 301
135, 339
135, 337
135, 334
135, 575
135, 574
135, 572
135, 565
135, 607
135, 605
135, 604
135, 603
135, 599
135, 598
135, 595
135, 577
135, 576
135, 612
135, 610
135, 665
135, 664
135, 663
135, 662
136, 172
136, 279
136, 459
136, 504
136, 498
136, 495
136, 493
136, 483
136, 571
136, 560
136, 558
136, 555
136, 602
136, 601
136, 596
136, 593
136, 590
136, 589
136, 661
136, 658
136, 656
137, 223
137, 288
137, 471
137, 463
137, 459
137, 482
137, 543
137, 542
137, 539
137, 522
137, 521
137, 516
137, 554
137, 553
137, 550
137, 549
137, 548
137, 547
137, 545
137, 588
137, 587
137, 585
137, 660
137, 659
137, 657
137, 655
137, 654
137, 652
137, 651
137, 650
138, 410
138, 443
138, 434
138, 433
138, 423
138, 454
138, 450
138, 448
138, 511
138, 506
138, 505
138, 503
138, 502
138, 499
138, 496
138, 486
138, 482
138, 540
138, 537
138, 533
138, 515
138, 514
138, 574
138, 582
138, 577
138, 656
138, 648
138, 645
138, 643
138, 642
139, 364
139, 360
139, 402
139, 399
139, 397
139, 447
139, 446
139, 445
139, 439
139, 435
139, 429
139, 427
139, 416
139, 475
139, 473
139, 468
139, 467
139, 466
139, 458
139, 456
139, 454
139, 453
139, 449
139, 495
139, 491
139, 575
139, 639
139, 635
139, 641
139, 640
140, 347
140, 346
140, 343
140, 341
140, 333
140, 329
140, 326
140, 383
140, 376
140, 374
140, 367
140, 362
140, 361
140, 356
140, 354
140, 412
140, 407
140, 405
140, 404
140, 403
140, 400
140, 398
140, 396
140, 394
140, 393
140, 387
140, 437
140, 431
140, 426
140, 425
140, 424
140, 420
140, 419
140, 418
140, 553
140, 550
140, 546
140, 637
140, 636
140, 634
140, 633
140, 630
140, 628
140, 627
140, 626
140, 625
140, 624
140, 623
140, 620
140, 619
140, 615
140, 671
140, 670
140, 673
141, 220
141, 255
141, 287
141, 285
141, 284
141, 281
141, 278
141, 277
141, 276
141, 275
141, 272
141, 270
141, 268
141, 267
141, 266
141, 262
141, 319
141, 317
141, 313
141, 311
141, 309
141, 301
141, 297
141, 296
141, 293
141, 290
141, 340
141, 336
141, 331
141, 330
141, 327
141, 325
141, 322
141, 321
141, 320
141, 539
141, 524
141, 639
141, 632
141, 629
141, 618
141, 616
141, 614
141, 612
141, 669
142, 123
142, 183
142, 207
142, 194
142, 250
142, 236
142, 274
142, 269
142, 260
142, 312
142, 310
142, 304
142, 345
142, 505
142, 519
142, 607
142, 606
142, 603
142, 602
142, 600
142, 597
142, 579
142, 578
142, 611
142, 610
142, 609
142, 608
142, 668
142, 667
142, 666
142, 665
142, 664
142, 663
142, 662
142, 661
143, 238
143, 232
143, 339
143, 335
143, 457
143, 486
143, 573
143, 569
143, 568
143, 566
143, 565
143, 564
143, 604
143, 594
143, 591
143, 660
143, 659
143, 658
143, 657
143, 656
144, 256
144, 478
144, 476
144, 467
144, 462
144, 459
144, 484
144, 543
144, 539
144, 521
144, 562
144, 561
144, 560
144, 558
144, 556
144, 555
144, 551
144, 550
144, 549
144, 548
144, 547
144, 545
144, 544
144, 587
144, 654
144, 653
144, 650
145, 444
145, 440
145, 439
145, 423
145, 418
145, 460
145, 454
145, 453
145, 450
145, 509
145, 508
145, 503
145, 501
145, 500
145, 488
145, 540
145, 534
145, 533
145, 530
145, 516
145, 513
145, 575
145, 585
145, 581
145, 652
145, 651
145, 649
145, 648
145, 646
145, 642
145, 641
146, 381
146, 410
146, 404
146, 446
146, 445
146, 442
146, 434
146, 431
146, 478
146, 476
146, 474
146, 472
146, 467
146, 466
146, 456
146, 452
146, 499
146, 490
146, 639
146, 636
146, 635
146, 632
146, 630
146, 650
146, 647
146, 645
146, 643
147, 23
147, 349
147, 348
147, 346
147, 383
147, 379
147, 377
147, 372
147, 371
147, 368
147, 365
147, 363
147, 357
147, 356
147, 355
147, 354
147, 352
147, 409
147, 408
147, 406
147, 403
147, 398
147, 397
147, 395
147, 393
147, 391
147, 390
147, 387
147, 386
147, 441
147, 436
147, 433
147, 432
147, 430
147, 429
147, 427
147, 423
147, 421
147, 419
147, 417
147, 637
147, 633
147, 628
147, 627
147, 625
147, 622
147, 640
147, 685
147, 672
148, 255
148, 282
148, 278
148, 274
148, 273
148, 268
148, 264
148, 316
148, 312
148, 311
148, 310
148, 307
148, 305
148, 301
148, 299
148, 298
148, 294
148, 289
148, 347
148, 345
148, 344
148, 334
148, 327
148, 324
148, 323
148, 322
148, 321
148, 320
148, 540
148, 549
148, 584
148, 629
148, 624
148, 620
148, 619
148, 617
148, 614
148, 613
148, 670
148, 668
149, 36
149, 217
149, 213
149, 246
149, 240
149, 263
149, 260
149, 258
149, 302
149, 292
149, 350
149, 339
149, 333
149, 325
149, 529
149, 524
149, 519
149, 517
149, 607
149, 603
149, 582
149, 579
149, 577
149, 615
149, 612
149, 611
149, 610
149, 609
149, 608
149, 671
149, 669
149, 665
149, 663
150, 221
150, 196
150, 317
150, 312
150, 497
150, 496
150, 490
150, 573
150, 572
150, 571
150, 569
150, 568
150, 567
150, 562
150, 561
150, 599
150, 598
150, 597
150, 666
150, 664
150, 662
150, 661
150, 660
150, 658
151, 243
151, 313
151, 433
151, 470
151, 468
151, 467
151, 491
151, 488
151, 560
151, 559
151, 558
151, 557
151, 553
151, 551
151, 550
151, 549
151, 546
151, 545
151, 594
151, 592
151, 588
151, 657
151, 656
151, 655
151, 649
152, 437
152, 430
152, 456
152, 511
152, 510
152, 509
152, 508
152, 507
152, 503
152, 492
152, 486
152, 543
152, 541
152, 538
152, 535
152, 534
152, 533
152, 527
152, 524
152, 518
152, 517
152, 515
152, 512
152, 547
152, 584
152, 654
152, 653
152, 652
152, 651
152, 650
152, 645
152, 644
153, 409
153, 447
153, 418
153, 479
153, 474
153, 472
153, 471
153, 461
153, 459
153, 451
153, 502
153, 501
153, 499
153, 482
153, 481
153, 536
153, 637
153, 636
153, 635
153, 647
153, 646
153, 643
153, 641
154, 341
154, 334
154, 364
154, 363
154, 414
154, 413
154, 412
154, 403
154, 400
154, 399
154, 398
154, 395
154, 392
154, 387
154, 386
154, 385
154, 444
154, 443
154, 441
154, 438
154, 434
154, 433
154, 432
154, 426
154, 425
154, 423
154, 419
154, 455
154, 453
154, 569
154, 639
154, 634
154, 633
154, 632
154, 629
154, 628
154, 627
154, 626
154, 649
154, 648
154, 680
154, 678
154, 676
155, 223
155, 317
155, 310
155, 303
155, 301
155, 295
155, 340
155, 339
155, 329
155, 326
155, 325
155, 322
155, 381
155, 379
155, 373
155, 370
155, 369
155, 368
155, 357
155, 353
155, 352
155, 551
155, 638
155, 630
155, 625
155, 624
155, 623
155, 621
155, 619
155, 618
155, 613
155, 674
156, 155
156, 170
156, 216
156, 243
156, 286
156, 283
156, 265
156, 319
156, 308
156, 307
156, 299
156, 294
156, 288
156, 323
156, 542
156, 541
156, 534
156, 532
156, 526
156, 522
156, 521
156, 518
156, 605
156, 603
156, 602
156, 601
156, 581
156, 579
156, 617
156, 616
156, 614
156, 611
156, 610
156, 609
156, 669
156, 668
156, 667
156, 666
156, 664
156, 672
157, 101
157, 134
157, 211
157, 252
157, 256
157, 290
157, 511
157, 509
157, 508
157, 501
157, 499
157, 513
157, 571
157, 570
157, 569
157, 567
157, 565
157, 564
157, 560
157, 607
157, 606
157, 595
157, 593
157, 591
157, 589
157, 576
157, 608
157, 665
157, 663
157, 661
157, 660
157, 658
158, 245
158, 301
158, 475
158, 491
158, 489
158, 485
158, 484
158, 482
158, 563
158, 559
158, 558
158, 557
158, 555
158, 551
158, 550
158, 546
158, 590
158, 588
158, 587
158, 657
158, 656
158, 655
158, 654
159, 44
159, 445
159, 443
159, 442
159, 462
159, 461
159, 457
159, 511
159, 500
159, 541
159, 540
159, 539
159, 533
159, 516
159, 514
159, 512
159, 552
159, 549
159, 586
159, 584
159, 653
159, 652
159, 651
159, 650
159, 649
159, 645
160, 479
160, 478
160, 474
160, 473
160, 469
160, 467
160, 456
160, 510
160, 508
160, 507
160, 506
160, 505
160, 503
160, 502
160, 498
160, 496
160, 484
160, 483
160, 482
160, 480
160, 535
160, 575
160, 574
160, 639
160, 648
160, 647
160, 646
160, 644
160, 642
160, 641
161, 378
161, 362
161, 359
161, 357
161, 352
161, 413
161, 404
161, 447
161, 445
161, 441
161, 440
161, 437
161, 434
161, 433
161, 431
161, 430
161, 429
161, 426
161, 425
161, 423
161, 418
161, 471
161, 466
161, 459
161, 454
161, 452
161, 451
161, 450
161, 448
161, 561
161, 638
161, 637
161, 636
161, 634
161, 633
161, 632
161, 631
161, 629
161, 643
161, 640
162, 271
162, 266
162, 264
162, 312
162, 311
162, 300
162, 347
162, 346
162, 344
162, 343
162, 341
162, 336
162, 328
162, 382
162, 381
162, 380
162, 377
162, 376
162, 372
162, 371
162, 364
162, 363
162, 361
162, 360
162, 353
162, 408
162, 406
162, 405
162, 402
162, 396
162, 395
162, 387
162, 385
162, 560
162, 546
162, 544
162, 627
162, 623
162, 621
162, 620
162, 617
162, 670
162, 667
163, 81
163, 252
163, 246
163, 244
163, 285
163, 281
163, 279
163, 273
163, 259
163, 309
163, 297
163, 296
163, 290
163, 340
163, 338
163, 535
163, 525
163, 523
163, 521
163, 520
163, 606
163, 605
163, 604
163, 603
163, 601
163, 580
163, 578
163, 622
163, 619
163, 618
163, 616
163, 615
163, 613
163, 610
163, 609
163, 666
163, 665
163, 664
164, 184
164, 162
164, 206
164, 231
164, 287
164, 317
164, 316
164, 314
164, 333
164, 503
164, 501
164, 499
164, 515
164, 514
164, 574
164, 573
164, 571
164, 570
164, 568
164, 567
164, 562
164, 607
164, 599
164, 598
164, 596
164, 594
164, 593
164, 576
164, 663
164, 662
164, 660
164, 659
165, 220
165, 478
165, 460
165, 491
165, 486
165, 480
165, 569
165, 563
165, 559
165, 558
165, 557
165, 553
165, 552
165, 551
165, 597
165, 590
165, 587
165, 661
165, 658
165, 657
165, 655
166, 447
166, 445
166, 438
166, 462
166, 461
166, 460
166, 458
166, 456
166, 455
166, 454
166, 543
166, 542
166, 540
166, 538
166, 531
166, 526
166, 525
166, 519
166, 518
166, 516
166, 512
166, 554
166, 550
166, 549
166, 547
166, 546
166, 584
166, 654
166, 653
166, 651
166, 648
167, 169
167, 414
167, 409
167, 420
167, 479
167, 477
167, 471
167, 459
167, 511
167, 510
167, 508
167, 503
167, 502
167, 501
167, 498
167, 496
167, 482
167, 481
167, 536
167, 517
167, 572
167, 581
167, 576
167, 639
167, 636
167, 650
167, 649
167, 647
167, 646
167, 645
167, 644
167, 643
167, 640
168, 411
168, 408
168, 400
168, 396
168, 444
168, 443
168, 441
168, 440
168, 439
168, 432
168, 431
168, 428
168, 426
168, 425
168, 418
168, 416
168, 472
168, 466
168, 461
168, 457
168, 455
168, 454
168, 453
168, 452
168, 451
168, 450
168, 448
168, 493
168, 563
168, 637
168, 635
168, 633
168, 632
168, 631
168, 630
168, 624
168, 642
168, 641
169, 317
169, 312
169, 348
169, 343
169, 340
169, 335
169, 333
169, 323
169, 381
169, 379
169, 376
169, 375
169, 365
169, 359
169, 355
169, 415
169, 412
169, 406
169, 404
169, 403
169, 399
169, 398
169, 397
169, 393
169, 390
169, 389
169, 388
169, 385
169, 430
169, 417
169, 556
169, 555
169, 550
169, 627
169, 625
169, 623
169, 622
169, 621
169, 620
169, 619
169, 614
169, 609
170, 194
170, 242
170, 233
170, 230
170, 287
170, 276
170, 275
170, 274
170, 273
170, 261
170, 259
170, 310
170, 305
170, 302
170, 350
170, 321
170, 538
170, 532
170, 529
170, 528
170, 527
170, 603
170, 578
170, 629
170, 616
170, 615
170, 613
170, 612
170, 610
170, 608
170, 666
170, 661
171, 210
171, 205
171, 318
171, 307
171, 301
171, 511
171, 510
171, 509
171, 506
171, 504
171, 500
171, 498
171, 522
171, 519
171, 512
171, 575
171, 574
171, 571
171, 569
171, 607
171, 606
171, 601
171, 598
171, 597
171, 592
171, 591
171, 590
171, 611
171, 665
171, 664
171, 663
172, 232
172, 311
172, 459
172, 491
172, 488
172, 483
172, 482
172, 567
172, 566
172, 564
172, 563
172, 562
172, 559
172, 558
172, 557
172, 555
172, 549
172, 588
172, 585
172, 660
172, 659
172, 657
172, 655
173, 467
173, 460
173, 456
173, 542
173, 540
173, 539
173, 535
173, 533
173, 527
173, 521
173, 520
173, 517
173, 516
173, 513
173, 512
173, 554
173, 553
173, 551
173, 548
173, 547
173, 546
173, 545
173, 544
173, 583
173, 656
173, 654
173, 653
173, 651
173, 650
173, 648
174, 69
174, 446
174, 432
174, 423
174, 475
174, 474
174, 511
174, 510
174, 506
174, 505
174, 502
174, 501
174, 500
174, 499
174, 497
174, 480
174, 538
174, 537
174, 536
174, 518
174, 576
174, 639
174, 638
174, 637
174, 647
174, 646
174, 645
174, 643
174, 641
175, 184
175, 351
175, 340
175, 337
175, 354
175, 353
175, 447
175, 444
175, 442
175, 440
175, 438
175, 435
175, 434
175, 431
175, 430
175, 427
175, 425
175, 478
175, 476
175, 469
175, 463
175, 462
175, 457
175, 453
175, 452
175, 450
175, 449
175, 565
175, 635
175, 633
175, 631
175, 642
175, 640
176, 315
176, 313
176, 306
176, 343
176, 383
176, 381
176, 375
176, 415
176, 412
176, 408
176, 407
176, 406
176, 404
176, 403
176, 400
176, 398
176, 388
176, 387
176, 386
176, 384
176, 437
176, 429
176, 428
176, 426
176, 422
176, 421
176, 420
176, 419
176, 417
176, 561
176, 560
176, 636
176, 634
176, 632
176, 630
176, 629
176, 628
176, 627
176, 626
176, 622
176, 619
176, 676
177, 117
177, 208
177, 249
177, 247
177, 241
177, 284
177, 279
177, 277
177, 262
177, 317
177, 311
177, 310
177, 308
177, 300
177, 298
177, 294
177, 292
177, 291
177, 290
177, 289
177, 339
177, 334
177, 327
177, 326
177, 364
177, 356
177, 531
177, 528
177, 526
177, 519
177, 575
177, 607
177, 606
177, 604
177, 581
177, 578
177, 620
177, 618
177, 612
177, 611
177, 609
177, 670
177, 672
178, 133
178, 175
178, 220
178, 233
178, 273
178, 268
178, 479
178, 509
178, 524
178, 518
178, 571
178, 568
178, 566
178, 605
178, 602
178, 601
178, 600
178, 599
178, 597
178, 592
178, 591
178, 614
178, 610
178, 664
178, 662
178, 661
179, 260
179, 318
179, 488
179, 483
179, 564
179, 563
179, 560
179, 558
179, 557
179, 555
179, 596
179, 595
179, 594
179, 593
179, 589
179, 588
179, 587
179, 660
179, 659
179, 657
179, 656
180, 478
180, 463
180, 542
180, 537
180, 535
180, 522
180, 518
180, 516
180, 515
180, 556
180, 553
180, 550
180, 549
180, 546
180, 545
180, 544
180, 579
180, 653
180, 649
180, 647
181, 445
181, 443
181, 426
181, 476
181, 448
181, 511
181, 510
181, 508
181, 507
181, 506
181, 503
181, 502
181, 500
181, 497
181, 496
181, 495
181, 494
181, 490
181, 486
181, 533
181, 531
181, 513
181, 574
181, 581
181, 652
181, 651
181, 650
181, 648
181, 646
181, 645
181, 643
182, 447
182, 446
182, 445
182, 444
182, 442
182, 440
182, 438
182, 435
182, 430
182, 428
182, 423
182, 479
182, 474
182, 472
182, 470
182, 469
182, 467
182, 466
182, 462
182, 460
182, 456
182, 455
182, 454
182, 453
182, 449
182, 448
182, 492
182, 481
182, 567
182, 639
182, 638
182, 636
182, 634
182, 633
182, 632
182, 628
182, 627
182, 642
182, 641
182, 640
183, 325
183, 383
183, 379
183, 377
183, 412
183, 411
183, 405
183, 404
183, 401
183, 400
183, 397
183, 393
183, 390
183, 389
183, 388
183, 387
183, 385
183, 441
183, 433
183, 432
183, 420
183, 418
183, 417
183, 556
183, 555
183, 551
183, 635
183, 631
183, 629
183, 626
183, 624
183, 623
183, 622
183, 617
183, 612
184, 285
184, 284
184, 258
184, 256
184, 312
184, 308
184, 304
184, 294
184, 351
184, 380
184, 373
184, 361
184, 356
184, 540
184, 538
184, 528
184, 524
184, 606
184, 604
184, 625
184, 620
184, 615
184, 614
184, 613
184, 611
184, 609
184, 668
184, 677
185, 158
185, 205
185, 250
185, 247
185, 282
185, 317
185, 470
185, 516
185, 575
185, 573
185, 569
185, 567
185, 562
185, 603
185, 600
185, 598
185, 596
185, 594
185, 593
185, 588
185, 610
185, 664
185, 661
185, 660
186, 228
186, 497
186, 494
186, 489
186, 486
186, 566
186, 564
186, 563
186, 561
186, 560
186, 558
186, 555
186, 553
186, 552
186, 550
186, 605
186, 601
186, 599
186, 597
186, 595
186, 591
186, 586
186, 658
186, 657
186, 656
187, 436
187, 464
187, 460
187, 542
187, 538
187, 537
187, 522
187, 514
187, 513
187, 547
187, 589
187, 659
187, 655
187, 654
187, 653
187, 652
187, 651
187, 650
188, 4
188, 151
188, 478
188, 511
188, 510
188, 509
188, 508
188, 506
188, 504
188, 503
188, 502
188, 501
188, 499
188, 496
188, 493
188, 488
188, 483
188, 481
188, 543
188, 533
188, 523
188, 512
188, 571
188, 576
188, 647
188, 646
188, 645
188, 644
188, 642
188, 640
189, 447
189, 445
189, 441
189, 437
189, 435
189, 434
189, 432
189, 479
189, 477
189, 469
189, 467
189, 465
189, 463
189, 461
189, 459
189, 457
189, 451
189, 448
189, 484
189, 482
189, 572
189, 570
189, 564
189, 639
189, 636
189, 635
189, 634
189, 633
189, 643
189, 641
189, 688
190, 8
190, 333
190, 332
190, 383
190, 382
190, 379
190, 374
190, 373
190, 366
190, 361
190, 415
190, 410
190, 409
190, 407
190, 400
190, 397
190, 394
190, 391
190, 389
190, 388
190, 387
190, 385
190, 446
190, 440
190, 438
190, 430
190, 427
190, 425
190, 424
190, 423
190, 422
190, 421
190, 419
190, 417
190, 416
190, 559
190, 637
190, 628
190, 627
190, 626
190, 625
190, 616
190, 670
191, 207
191, 254
191, 285
191, 281
191, 316
191, 313
191, 299
191, 334
191, 353
191, 495
191, 531
191, 530
191, 523
191, 595
191, 629
191, 623
191, 622
191, 620
191, 619
191, 618
191, 617
191, 615
191, 612
191, 611
191, 608
191, 668
191, 666
191, 663
191, 662
192, 58
192, 205
192, 242
192, 228
192, 301
192, 289
192, 470
192, 505
192, 503
192, 520
192, 519
192, 572
192, 569
192, 603
192, 601
192, 599
192, 598
192, 596
192, 614
192, 609
192, 661
192, 659
192, 658
193, 229
193, 499
193, 488
193, 486
193, 567
193, 566
193, 564
193, 562
193, 561
193, 559
193, 555
193, 551
193, 550
193, 604
193, 600
193, 591
193, 585
193, 660
193, 657
193, 655
193, 652
193, 651
194, 464
194, 480
194, 543
194, 541
194, 540
194, 537
194, 521
194, 518
194, 517
194, 516
194, 515
194, 514
194, 558
194, 548
194, 546
194, 545
194, 544
194, 584
194, 654
194, 650
194, 649
194, 648
194, 647
194, 646
195, 447
195, 479
195, 511
195, 510
195, 509
195, 508
195, 505
195, 504
195, 502
195, 499
195, 493
195, 480
195, 539
195, 534
195, 533
195, 575
195, 572
195, 639
195, 651
195, 645
195, 644
195, 643
196, 447
196, 445
196, 439
196, 431
196, 426
196, 473
196, 472
196, 471
196, 468
196, 462
196, 461
196, 458
196, 457
196, 452
196, 451
196, 450
196, 500
196, 491
196, 489
196, 526
196, 571
196, 570
196, 569
196, 566
196, 638
196, 636
196, 635
196, 634
196, 633
196, 632
196, 628
196, 627
196, 640
197, 328
197, 382
197, 379
197, 373
197, 370
197, 354
197, 413
197, 411
197, 408
197, 407
197, 405
197, 403
197, 402
197, 394
197, 392
197, 391
197, 389
197, 444
197, 442
197, 432
197, 429
197, 428
197, 424
197, 422
197, 420
197, 419
197, 564
197, 555
197, 545
197, 631
197, 630
197, 625
197, 624
197, 622
197, 620
197, 618
197, 616
197, 613
198, 214
198, 199
198, 251
198, 249
198, 228
198, 282
198, 274
198, 322
198, 321
198, 360
198, 358
198, 390
198, 525
198, 520
198, 605
198, 623
198, 621
198, 615
198, 614
198, 612
198, 611
198, 671
198, 666
198, 665
198, 663
199, 281
199, 270
199, 300
199, 519
199, 518
199, 516
199, 515
199, 513
199, 573
199, 571
199, 570
199, 569
199, 568
199, 607
199, 601
199, 598
199, 597
199, 596
199, 594
199, 593
199, 589
199, 581
199, 618
199, 609
199, 661
199, 655
200, 192
200, 257
200, 506
200, 502
200, 493
200, 489
200, 486
200, 566
200, 562
200, 561
200, 559
200, 556
200, 555
200, 554
200, 548
200, 604
200, 592
200, 591
200, 660
200, 657
200, 656
200, 654
200, 653
201, 463
201, 457
201, 456
201, 540
201, 539
201, 538
201, 536
201, 531
201, 523
201, 553
201, 547
201, 546
201, 583
201, 652
201, 651
201, 650
201, 649
201, 647
202, 449
202, 508
202, 507
202, 506
202, 504
202, 503
202, 501
202, 500
202, 497
202, 495
202, 490
202, 486
202, 484
202, 537
202, 535
202, 534
202, 533
202, 530
202, 518
202, 512
202, 648
202, 646
202, 645
202, 644
202, 641
203, 447
203, 444
203, 439
203, 438
203, 437
203, 433
203, 431
203, 430
203, 478
203, 474
203, 473
203, 472
203, 470
203, 465
203, 462
203, 460
203, 457
203, 456
203, 455
203, 454
203, 448
203, 502
203, 493
203, 487
203, 485
203, 482
203, 565
203, 639
203, 638
203, 636
203, 635
203, 633
203, 631
203, 642
203, 640
204, 382
204, 381
204, 354
204, 415
204, 413
204, 412
204, 407
204, 405
204, 404
204, 402
204, 399
204, 387
204, 384
204, 445
204, 435
204, 432
204, 429
204, 428
204, 420
204, 419
204, 418
204, 417
204, 548
204, 632
204, 630
204, 628
204, 627
204, 625
204, 622
204, 621
204, 620
204, 619
204, 618
204, 616
204, 670
205, 1
205, 205
205, 255
205, 245
205, 283
205, 282
205, 275
205, 271
205, 256
205, 319
205, 309
205, 323
205, 321
205, 389
205, 533
205, 520
205, 607
205, 605
205, 604
205, 593
205, 623
205, 617
205, 615
205, 613
205, 611
205, 609
205, 667
205, 665
205, 664
205, 663
205, 660
206, 214
206, 201
206, 247
206, 511
206, 510
206, 509
206, 521
206, 517
206, 514
206, 569
206, 603
206, 596
206, 589
206, 585
206, 579
206, 608
206, 661
206, 659
206, 658
207, 26
207, 215
207, 234
207, 505
207, 484
207, 567
207, 564
207, 562
207, 561
207, 560
207, 559
207, 558
207, 557
207, 556
207, 555
207, 554
207, 553
207, 552
207, 550
207, 548
207, 601
207, 599
207, 597
207, 592
207, 590
207, 588
207, 657
207, 655
208, 476
208, 473
208, 543
208, 541
208, 540
208, 538
208, 537
208, 536
208, 532
208, 527
208, 517
208, 512
208, 551
208, 547
208, 546
208, 545
208, 544
208, 584
208, 579
208, 656
208, 651
208, 650
208, 648
208, 645
209, 433
209, 475
209, 474
209, 511
209, 507
209, 506
209, 504
209, 503
209, 502
209, 500
209, 495
209, 489
209, 486
209, 530
209, 528
209, 639
209, 637
209, 635
209, 643
209, 642
209, 640
210, 447
210, 446
210, 443
210, 442
210, 441
210, 439
210, 438
210, 437
210, 436
210, 434
210, 430
210, 476
210, 472
210, 467
210, 466
210, 464
210, 461
210, 460
210, 458
210, 456
210, 455
210, 454
210, 453
210, 451
210, 449
210, 448
210, 496
210, 566
210, 636
210, 633
210, 632
210, 627
210, 646
211, 48
211, 310
211, 350
211, 342
211, 382
211, 375
211, 369
211, 360
211, 412
211, 410
211, 409
211, 406
211, 403
211, 402
211, 400
211, 399
211, 395
211, 394
211, 390
211, 440
211, 433
211, 432
211, 428
211, 423
211, 421
211, 420
211, 543
211, 545
211, 634
211, 630
211, 629
211, 626
211, 625
211, 621
211, 618
211, 616
211, 615
211, 612
212, 249
212, 284
212, 280
212, 272
212, 263
212, 261
212, 260
212, 319
212, 312
212, 308
212, 306
212, 296
212, 289
212, 333
212, 331
212, 377
212, 494
212, 524
212, 519
212, 606
212, 603
212, 577
212, 623
212, 619
212, 617
212, 614
212, 664
213, 200
213, 266
213, 510
213, 502
213, 495
213, 525
213, 514
213, 572
213, 571
213, 569
213, 567
213, 563
213, 562
213, 598
213, 597
213, 591
213, 589
213, 610
213, 609
213, 662
213, 661
213, 659
213, 657
213, 656
214, 202
214, 238
214, 503
214, 493
214, 543
214, 558
214, 557
214, 555
214, 549
214, 545
214, 592
214, 590
214, 587
214, 584
214, 658
214, 652
214, 650
215, 476
215, 508
215, 541
215, 539
215, 538
215, 537
215, 521
215, 519
215, 518
215, 513
215, 544
215, 653
215, 651
215, 649
215, 648
215, 647
215, 646
215, 644
216, 478
216, 474
216, 469
216, 506
216, 505
216, 504
216, 499
216, 497
216, 493
216, 492
216, 489
216, 528
216, 512
216, 575
216, 638
216, 637
216, 636
216, 645
216, 642
216, 641
217, 447
217, 446
217, 445
217, 444
217, 443
217, 440
217, 434
217, 473
217, 468
217, 467
217, 466
217, 465
217, 463
217, 459
217, 458
217, 457
217, 456
217, 455
217, 453
217, 449
217, 448
217, 480
217, 567
217, 561
217, 558
217, 639
217, 635
217, 634
217, 630
217, 629
217, 627
217, 625
217, 623
218, 242
218, 285
218, 268
218, 315
218, 351
218, 382
218, 381
218, 380
218, 379
218, 358
218, 355
218, 354
218, 410
218, 406
218, 405
218, 402
218, 391
218, 389
218, 386
218, 432
218, 429
218, 428
218, 417
218, 416
218, 537
218, 553
218, 628
218, 626
218, 624
218, 622
218, 621
218, 620
218, 618
218, 617
218, 613
218, 668
219, 150
219, 170
219, 165
219, 162
219, 220
219, 215
219, 206
219, 254
219, 250
219, 240
219, 233
219, 232
219, 224
219, 287
219, 286
219, 272
219, 269
219, 267
219, 257
219, 256
219, 307
219, 348
219, 326
219, 360
219, 353
219, 533
219, 607
219, 606
219, 605
219, 604
219, 602
219, 601
219, 598
219, 593
219, 577
219, 616
219, 615
219, 612
219, 611
219, 610
219, 609
219, 608
219, 667
219, 664
219, 661
219, 658
220, 214
220, 567
220, 566
220, 565
220, 561
220, 560
220, 603
220, 600
220, 594
220, 592
220, 590
220, 584
220, 660
220, 659
220, 657
220, 656
220, 655
221, 486
221, 485
221, 542
221, 562
221, 558
221, 556
221, 554
221, 550
221, 548
221, 591
221, 581
221, 654
221, 653
221, 651
221, 648
222, 185
222, 467
222, 507
222, 540
222, 538
222, 536
222, 533
222, 532
222, 530
222, 525
222, 523
222, 521
222, 513
222, 549
222, 547
222, 544
222, 577
222, 652
222, 647
222, 646
222, 645
222, 644
222, 642
223, 479
223, 476
223, 475
223, 473
223, 472
223, 468
223, 510
223, 509
223, 506
223, 505
223, 501
223, 500
223, 498
223, 495
223, 493
223, 490
223, 489
223, 488
223, 487
223, 512
223, 573
223, 569
223, 639
223, 638
223, 637
223, 643
223, 641
223, 640
224, 444
224, 443
224, 442
224, 436
224, 434
224, 429
224, 424
224, 419
224, 470
224, 464
224, 463
224, 461
224, 459
224, 458
224, 455
224, 453
224, 452
224, 449
224, 448
224, 562
224, 635
224, 634
224, 633
224, 632
224, 630
224, 629
224, 628
224, 627
224, 626
225, 328
225, 380
225, 378
225, 413
225, 412
225, 410
225, 409
225, 402
225, 401
225, 394
225, 393
225, 423
225, 416
225, 535
225, 545
225, 544
225, 602
225, 624
225, 615
225, 614
225, 610
225, 665
226, 72
226, 310
226, 527
226, 520
226, 572
226, 607
226, 604
226, 603
226, 601
226, 599
226, 598
226, 576
226, 617
226, 613
226, 609
227, 511
227, 504
227, 501
227, 517
227, 512
227, 571
227, 567
227, 565
227, 562
227, 561
227, 560
227, 600
227, 596
227, 594
227, 587
227, 659
227, 658
227, 657
227, 656
227, 655
227, 654
227, 652
228, 477
228, 487
228, 543
228, 538
228, 536
228, 558
228, 555
228, 552
228, 549
228, 548
228, 547
228, 584
228, 582
228, 578
228, 653
228, 651
228, 650
228, 649
229, 511
229, 509
229, 507
229, 506
229, 505
229, 534
229, 528
229, 514
229, 513
229, 575
229, 574
229, 570
229, 639
229, 647
229, 646
229, 644
229, 643
229, 642
229, 640
230, 479
230, 475
230, 472
230, 470
230, 469
230, 461
230, 458
230, 502
230, 500
230, 499
230, 498
230, 495
230, 494
230, 492
230, 489
230, 486
230, 482
230, 481
230, 571
230, 638
230, 637
230, 636
230, 635
230, 634
230, 629
230, 627
230, 626
230, 645
230, 641
230, 676
231, 184
231, 444
231, 440
231, 439
231, 436
231, 435
231, 431
231, 428
231, 468
231, 466
231, 463
231, 462
231, 454
231, 450
231, 449
231, 448
231, 558
231, 633
231, 632
231, 631
231, 628
231, 625
231, 624
231, 621
231, 620
232, 273
232, 338
232, 380
232, 377
232, 368
232, 355
232, 410
232, 409
232, 398
232, 391
232, 386
232, 433
232, 424
232, 420
232, 416
232, 508
232, 538
232, 605
232, 599
232, 623
232, 619
232, 617
232, 616
232, 614
232, 613
232, 612
232, 611
232, 609
232, 667
232, 665
232, 662
233, 276
233, 522
233, 520
233, 519
233, 607
233, 606
233, 602
233, 601
233, 600
233, 597
233, 594
233, 593
233, 588
233, 576
233, 610
233, 661
233, 660
234, 510
234, 499
234, 516
234, 570
234, 566
234, 561
234, 557
234, 550
234, 596
234, 592
234, 611
234, 655
234, 654
235, 154
235, 474
235, 543
235, 542
235, 540
235, 537
235, 535
235, 527
235, 556
235, 554
235, 553
235, 552
235, 551
235, 548
235, 546
235, 545
235, 544
235, 579
235, 652
235, 651
235, 650
235, 649
235, 648
235, 647
235, 646
235, 645
236, 511
236, 509
236, 508
236, 506
236, 504
236, 503
236, 536
236, 534
236, 532
236, 531
236, 528
236, 523
236, 521
236, 519
236, 517
236, 516
236, 515
236, 575
236, 573
236, 570
236, 569
236, 577
236, 638
236, 637
236, 644
236, 642
236, 640
237, 136
237, 477
237, 476
237, 475
237, 470
237, 469
237, 465
237, 464
237, 502
237, 500
237, 497
237, 495
237, 493
237, 492
237, 491
237, 488
237, 486
237, 485
237, 481
237, 480
237, 571
237, 636
237, 635
237, 634
237, 633
237, 629
237, 627
237, 641
237, 685
238, 411
238, 410
238, 444
238, 440
238, 436
238, 435
238, 433
238, 432
238, 430
238, 429
238, 428
238, 427
238, 424
238, 423
238, 421
238, 420
238, 419
238, 463
238, 460
238, 455
238, 453
238, 452
238, 451
238, 548
238, 632
238, 631
238, 626
238, 625
238, 624
238, 623
238, 622
238, 621
238, 620
238, 617
238, 616
238, 669
238, 666
239, 266
239, 383
239, 382
239, 380
239, 401
239, 399
239, 387
239, 416
239, 543
239, 530
239, 607
239, 597
239, 593
239, 618
239, 615
239, 611
239, 609
239, 608
239, 668
239, 667
239, 665
239, 663
240, 519
240, 518
240, 565
240, 604
240, 600
240, 599
240, 596
240, 594
240, 591
240, 587
240, 610
240, 661
240, 659
240, 658
240, 655
241, 212
241, 507
241, 481
241, 560
241, 558
241, 555
241, 553
241, 552
241, 551
241, 590
241, 589
241, 584
241, 582
241, 660
241, 656
241, 653
241, 649
241, 648
242, 475
242, 474
242, 542
242, 540
242, 531
242, 530
242, 524
242, 521
242, 556
242, 549
242, 548
242, 547
242, 546
242, 581
242, 579
242, 654
242, 652
242, 650
242, 646
243, 510
243, 508
243, 506
243, 504
243, 503
243, 502
243, 501
243, 500
243, 496
243, 489
243, 534
243, 528
243, 527
243, 520
243, 514
243, 569
243, 639
243, 633
243, 645
243, 644
243, 643
244, 442
244, 479
244, 478
244, 476
244, 472
244, 471
244, 468
244, 466
244, 464
244, 462
244, 459
244, 457
244, 455
244, 451
244, 492
244, 490
244, 487
244, 486
244, 485
244, 480
244, 553
244, 637
244, 636
244, 634
244, 632
244, 631
244, 625
244, 622
244, 642
245, 414
245, 413
245, 411
245, 401
245, 399
245, 444
245, 437
245, 435
245, 432
245, 423
245, 422
245, 416
245, 629
245, 626
245, 624
245, 623
245, 621
245, 620
245, 619
245, 618
246, 317
246, 313
246, 380
246, 373
246, 406
246, 395
246, 526
246, 607
246, 606
246, 603
246, 601
246, 615
246, 614
246, 613
246, 612
246, 611
246, 610
246, 609
246, 671
246, 670
247, 239
247, 234
247, 521
247, 571
247, 566
247, 564
247, 600
247, 599
247, 597
247, 595
247, 590
247, 664
247, 661
247, 658
247, 657
247, 656
248, 491
248, 561
248, 558
248, 551
248, 550
248, 549
248, 547
248, 591
248, 589
248, 588
248, 586
248, 585
248, 654
248, 649
249, 50
249, 543
249, 542
249, 536
249, 535
249, 532
249, 530
249, 524
249, 521
249, 517
249, 516
249, 546
249, 545
249, 581
249, 580
249, 577
249, 576
249, 651
249, 650
249, 646
249, 645
250, 511
250, 508
250, 507
250, 505
250, 504
250, 502
250, 498
250, 495
250, 494
250, 493
250, 492
250, 491
250, 485
250, 484
250, 482
250, 481
250, 528
250, 574
250, 572
250, 571
250, 638
250, 637
250, 636
250, 633
250, 644
250, 643
250, 640
251, 441
251, 440
251, 436
251, 433
251, 419
251, 478
251, 471
251, 468
251, 466
251, 464
251, 462
251, 459
251, 458
251, 453
251, 451
251, 490
251, 489
251, 487
251, 486
251, 567
251, 561
251, 635
251, 632
251, 631
251, 630
251, 628
251, 627
251, 626
251, 618
251, 675
252, 380
252, 415
252, 400
252, 397
252, 392
252, 390
252, 385
252, 437
252, 431
252, 540
252, 629
252, 625
252, 624
252, 623
252, 621
252, 620
252, 616
252, 610
252, 608
252, 667
252, 664
253, 241
253, 290
253, 333
253, 361
253, 523
253, 572
253, 571
253, 606
253, 605
253, 604
253, 603
253, 602
253, 600
253, 593
253, 591
253, 590
253, 578
253, 614
253, 613
253, 611
253, 609
253, 663
253, 661
253, 660
254, 502
254, 567
254, 564
254, 562
254, 558
254, 599
254, 596
254, 595
254, 594
254, 592
254, 588
254, 658
254, 657
254, 655
254, 653
254, 651
255, 543
255, 541
255, 561
255, 557
255, 552
255, 549
255, 548
255, 589
255, 587
255, 586
255, 649
256, 241
256, 511
256, 510
256, 509
256, 537
256, 534
256, 524
256, 523
256, 519
256, 518
256, 514
256, 513
256, 547
256, 546
256, 577
256, 648
256, 647
256, 646
256, 645
256, 644
256, 643
256, 642
256, 641
257, 479
257, 475
257, 507
257, 506
257, 505
257, 504
257, 500
257, 498
257, 496
257, 492
257, 490
257, 488
257, 484
257, 482
257, 512
257, 566
257, 636
257, 635
257, 634
258, 168
258, 447
258, 445
258, 443
258, 442
258, 439
258, 436
258, 426
258, 423
258, 478
258, 474
258, 473
258, 469
258, 467
258, 460
258, 459
258, 457
258, 453
258, 451
258, 450
258, 481
258, 480
258, 637
258, 633
258, 632
258, 631
258, 629
258, 628
258, 627
258, 625
259, 374
259, 357
259, 399
259, 398
259, 388
259, 435
259, 434
259, 422
259, 420
259, 416
259, 552
259, 545
259, 626
259, 624
259, 622
259, 620
259, 619
259, 618
259, 617
259, 614
259, 612
259, 664
260, 293
260, 356
260, 525
260, 575
260, 568
260, 607
260, 605
260, 604
260, 601
260, 597
260, 596
260, 583
260, 616
260, 613
260, 609
260, 608
260, 665
260, 662
260, 658
261, 569
261, 567
261, 566
261, 565
261, 562
261, 558
261, 556
261, 555
261, 599
261, 594
261, 593
261, 588
261, 587
261, 586
261, 659
261, 657
261, 656
261, 654
261, 653
261, 651
261, 649
262, 474
262, 543
262, 540
262, 537
262, 535
262, 527
262, 554
262, 552
262, 550
262, 549
262, 548
262, 545
262, 544
262, 579
262, 650
262, 647
263, 509
263, 507
263, 503
263, 534
263, 530
263, 528
263, 524
263, 522
263, 518
263, 516
263, 515
263, 514
263, 512
263, 575
263, 636
263, 648
263, 646
263, 645
263, 643
263, 641
263, 640
264, 477
264, 471
264, 466
264, 510
264, 502
264, 500
264, 499
264, 496
264, 495
264, 494
264, 490
264, 486
264, 485
264, 480
264, 635
264, 634
264, 633
264, 628
264, 642
265, 412
265, 439
265, 434
265, 433
265, 432
265, 427
265, 426
265, 422
265, 419
265, 467
265, 465
265, 464
265, 461
265, 460
265, 456
265, 453
265, 451
265, 450
265, 448
265, 561
265, 552
265, 549
265, 638
265, 630
265, 629
265, 627
265, 626
265, 625
265, 624
265, 623
265, 622
265, 621
266, 338
266, 376
266, 370
266, 410
266, 405
266, 401
266, 400
266, 399
266, 389
266, 417
266, 542
266, 533
266, 525
266, 607
266, 606
266, 600
266, 598
266, 620
266, 619
266, 618
266, 617
266, 616
266, 613
266, 608
267, 488
267, 604
267, 603
267, 597
267, 596
267, 594
267, 614
267, 610
267, 663
267, 660
267, 659
267, 658
267, 656
267, 655
267, 654
268, 565
268, 564
268, 563
268, 562
268, 560
268, 559
268, 556
268, 555
268, 601
268, 599
268, 593
268, 590
268, 584
268, 653
268, 651
269, 543
269, 540
269, 552
269, 549
269, 548
269, 544
269, 582
269, 649
269, 646
270, 509
270, 507
270, 505
270, 504
270, 503
270, 501
270, 499
270, 496
270, 494
270, 538
270, 532
270, 529
270, 528
270, 527
270, 522
270, 521
270, 512
270, 575
270, 574
270, 572
270, 570
270, 639
270, 637
270, 650
270, 648
270, 647
270, 645
270, 642
270, 641
270, 640
271, 476
271, 475
271, 472
271, 467
271, 466
271, 465
271, 464
271, 463
271, 461
271, 498
271, 495
271, 493
271, 492
271, 491
271, 487
271, 486
271, 485
271, 482
271, 559
271, 558
271, 638
271, 636
271, 635
271, 634
271, 633
271, 631
271, 630
271, 625
272, 381
272, 413
272, 406
272, 446
272, 443
272, 438
272, 437
272, 435
272, 417
272, 416
272, 460
272, 458
272, 456
272, 452
272, 449
272, 551
272, 550
272, 547
272, 632
272, 629
272, 627
272, 626
272, 623
272, 616
272, 615
272, 613
273, 327
273, 380
273, 410
273, 401
273, 391
273, 388
273, 384
273, 523
273, 607
273, 599
273, 624
273, 618
273, 614
273, 612
273, 611
273, 609
273, 665
274, 568
274, 565
274, 564
274, 563
274, 606
274, 601
274, 598
274, 595
274, 588
274, 585
274, 659
274, 658
274, 657
274, 656
274, 654
274, 653
275, 461
275, 559
275, 558
275, 556
275, 551
275, 548
275, 544
275, 593
275, 592
275, 591
275, 590
275, 587
275, 584
275, 580
275, 652
275, 650
275, 649
276, 542
276, 541
276, 540
276, 539
276, 537
276, 535
276, 532
276, 530
276, 529
276, 527
276, 526
276, 517
276, 583
276, 648
276, 646
276, 642
276, 641
277, 511
277, 510
277, 505
277, 504
277, 501
277, 500
277, 499
277, 498
277, 497
277, 494
277, 491
277, 533
277, 524
277, 519
277, 515
277, 514
277, 570
277, 568
277, 638
277, 644
278, 446
278, 472
278, 471
278, 462
278, 461
278, 460
278, 459
278, 458
278, 456
278, 495
278, 493
278, 481
278, 480
278, 636
278, 635
278, 631
278, 630
278, 628
278, 625
279, 407
279, 392
279, 444
279, 438
279, 430
279, 428
279, 426
279, 424
279, 420
279, 419
279, 451
279, 626
279, 622
279, 620
279, 619
279, 618
279, 617
279, 615
280, 534
280, 527
280, 606
280, 603
280, 600
280, 599
280, 596
280, 610
280, 664
280, 660
281, 568
281, 566
281, 565
281, 563
281, 561
281, 560
281, 559
281, 604
281, 598
281, 597
281, 588
281, 585
281, 584
281, 578
281, 609
281, 657
281, 656
281, 652
281, 650
281, 648
282, 414
282, 556
282, 555
282, 552
282, 551
282, 550
282, 549
282, 545
282, 583
282, 581
282, 651
282, 647
282, 646
282, 645
283, 364
283, 511
283, 537
283, 536
283, 534
283, 531
283, 528
283, 524
283, 523
283, 522
283, 521
283, 520
283, 518
283, 517
283, 516
283, 515
283, 513
283, 644
283, 642
283, 641
284, 507
284, 503
284, 502
284, 496
284, 638
284, 637
284, 636
284, 634
284, 631
284, 629
284, 643
285, 447
285, 442
285, 436
285, 475
285, 469
285, 466
285, 453
285, 564
285, 556
285, 627
285, 626
285, 624
285, 621
285, 619
285, 614
286, 412
286, 400
286, 432
286, 428
286, 418
286, 542
286, 536
286, 607
286, 603
286, 632
286, 620
286, 618
286, 617
286, 616
286, 615
286, 613
286, 612
287, 226
287, 532
287, 575
287, 606
287, 605
287, 604
287, 600
287, 598
287, 596
287, 594
287, 592
287, 591
287, 654
287, 692
288, 564
288, 562
288, 560
288, 555
288, 552
288, 595
288, 589
288, 656
288, 652
288, 650
288, 648
288, 647
289, 543
289, 542
289, 541
289, 554
289, 548
289, 547
289, 546
289, 544
289, 588
289, 582
289, 580
289, 579
289, 578
289, 649
289, 646
289, 645
289, 644
289, 643
289, 642
289, 687
290, 538
290, 537
290, 536
290, 535
290, 531
290, 530
290, 525
290, 524
290, 523
290, 522
290, 517
290, 637
290, 635
290, 641
291, 477
291, 473
291, 465
291, 508
291, 498
291, 496
291, 494
291, 492
291, 486
291, 516
291, 512
291, 565
291, 564
291, 561
291, 559
291, 636
291, 633
291, 624
292, 444
292, 424
292, 423
292, 421
292, 476
292, 475
292, 461
292, 539
292, 552
292, 550
292, 632
292, 628
292, 622
292, 621
292, 620
292, 619
292, 617
292, 615
292, 613
292, 668
292, 672
293, 339
293, 327
293, 373
293, 371
293, 520
293, 607
293, 603
293, 601
293, 600
293, 599
293, 598
293, 597
293, 591
293, 611
293, 610
293, 661
293, 658
294, 505
294, 567
294, 564
294, 563
294, 602
294, 593
294, 586
294, 657
294, 655
294, 653
294, 652
294, 651
294, 650
294, 649
294, 648
294, 647
295, 542
295, 561
295, 554
295, 553
295, 552
295, 588
295, 587
295, 646
296, 536
296, 532
296, 531
296, 530
296, 527
296, 526
296, 525
296, 522
296, 573
296, 550
296, 545
296, 544
296, 639
296, 637
296, 645
296, 644
296, 643
296, 642
296, 641
297, 238
297, 511
297, 510
297, 501
297, 498
297, 497
297, 529
297, 565
297, 634
297, 633
297, 629
297, 640
298, 477
298, 474
298, 466
298, 465
298, 464
298, 460
298, 459
298, 495
298, 494
298, 490
298, 489
298, 485
298, 484
298, 480
298, 559
298, 635
298, 632
298, 631
298, 630
298, 627
298, 626
298, 623
298, 621
298, 619
299, 372
299, 434
299, 422
299, 421
299, 448
299, 604
299, 617
299, 614
300, 87
300, 367
300, 522
300, 567
300, 605
300, 603
300, 597
300, 596
300, 593
300, 592
300, 615
300, 611
300, 608
301, 573
301, 566
301, 562
301, 561
301, 557
301, 599
301, 588
301, 587
301, 585
301, 582
301, 649
301, 647
302, 543
302, 542
302, 539
302, 559
302, 558
302, 554
302, 552
302, 550
302, 548
302, 546
302, 544
302, 590
302, 580
302, 578
302, 577
302, 650
302, 645
302, 644
302, 640
303, 510
303, 541
303, 534
303, 532
303, 524
303, 521
303, 518
303, 516
303, 514
303, 513
303, 512
303, 639
303, 637
303, 636
303, 633
303, 632
303, 641
304, 470
304, 469
304, 463
304, 505
304, 499
304, 497
304, 495
304, 494
304, 492
304, 489
304, 488
304, 486
304, 485
304, 483
304, 481
304, 638
304, 634
304, 631
304, 630
304, 624
305, 414
305, 446
305, 439
305, 428
305, 426
305, 424
305, 418
305, 479
305, 476
305, 456
305, 452
305, 451
305, 449
305, 556
305, 635
305, 623
305, 622
305, 621
305, 620
306, 375
306, 370
306, 413
306, 395
306, 419
306, 541
306, 607
306, 603
306, 602
306, 596
306, 618
306, 614
306, 613
306, 612
306, 610
307, 276
307, 348
307, 521
307, 559
307, 606
307, 605
307, 601
307, 594
307, 589
307, 585
307, 583
307, 608
308, 463
308, 496
308, 558
308, 557
308, 555
308, 553
308, 551
308, 548
308, 582
308, 649
308, 648
308, 647
308, 646
308, 645
309, 540
309, 538
309, 532
309, 517
309, 573
309, 546
309, 545
309, 638
309, 642
309, 641
310, 508
310, 507
310, 506
310, 505
310, 504
310, 499
310, 522
310, 516
310, 514
310, 513
310, 512
310, 637
310, 636
310, 635
310, 634
310, 632
310, 631
311, 473
311, 469
311, 467
311, 462
311, 459
311, 497
311, 496
311, 488
311, 485
311, 484
311, 482
311, 481
311, 480
311, 557
311, 556
311, 551
311, 633
311, 630
311, 629
311, 628
311, 626
311, 623
311, 622
312, 392
312, 435
312, 430
312, 429
312, 428
312, 427
312, 455
312, 545
312, 607
312, 627
312, 625
312, 621
312, 619
312, 617
312, 616
312, 615
312, 613
312, 610
312, 609
312, 657
313, 39
313, 355
313, 523
313, 566
313, 606
313, 605
313, 604
313, 600
313, 598
313, 597
313, 596
313, 595
313, 592
313, 589
313, 612
313, 653
314, 80
314, 447
314, 464
314, 556
314, 555
314, 553
314, 550
314, 594
314, 591
314, 583
314, 652
314, 651
314, 648
314, 646
314, 644
315, 543
315, 542
315, 534
315, 557
315, 552
315, 551
315, 548
315, 547
315, 579
315, 645
315, 643
315, 642
315, 640
316, 510
316, 501
316, 540
316, 535
316, 531
316, 530
316, 526
316, 525
316, 521
316, 520
316, 518
316, 517
316, 515
316, 639
316, 638
316, 637
316, 635
316, 631
316, 628
316, 641
317, 505
317, 504
317, 503
317, 502
317, 500
317, 499
317, 497
317, 490
317, 485
317, 481
317, 632
317, 630
317, 629
317, 626
317, 623
317, 622
317, 620
317, 618
318, 438
318, 461
318, 457
318, 554
318, 624
318, 619
318, 616
318, 613
318, 609
318, 608
319, 401
319, 426
319, 546
319, 607
319, 602
319, 578
319, 621
319, 614
319, 656
320, 604
320, 600
320, 599
320, 597
320, 595
320, 587
320, 581
320, 579
320, 612
320, 610
320, 652
321, 541
321, 573
321, 552
321, 549
321, 547
321, 546
321, 544
321, 598
321, 591
321, 588
321, 583
321, 644
321, 643
321, 641
322, 540
322, 536
322, 535
322, 531
322, 527
322, 526
322, 524
322, 522
322, 518
322, 638
322, 637
322, 633
322, 632
322, 646
322, 642
322, 640
323, 203
323, 475
323, 511
323, 510
323, 509
323, 507
323, 506
323, 505
323, 504
323, 501
323, 500
323, 497
323, 496
323, 493
323, 491
323, 490
323, 489
323, 488
323, 487
323, 514
323, 635
323, 631
323, 629
324, 443
324, 424
324, 479
324, 473
324, 466
324, 463
324, 455
324, 485
324, 483
324, 480
324, 628
324, 626
324, 625
324, 623
324, 622
324, 621
324, 618
324, 617
324, 615
324, 614
324, 613
324, 609
325, 337
325, 397
325, 432
325, 421
325, 606
325, 603
325, 597
325, 587
325, 616
325, 610
325, 656
325, 655
326, 563
326, 600
326, 596
326, 592
326, 591
326, 589
326, 586
326, 583
326, 657
326, 654
326, 652
326, 650
327, 559
327, 557
327, 553
327, 549
327, 593
327, 578
327, 646
327, 645
327, 643
328, 411
328, 538
328, 535
328, 534
328, 529
328, 575
328, 639
328, 638
328, 637
328, 636
328, 641
329, 505
329, 502
329, 501
329, 526
329, 522
329, 513
329, 512
329, 632
329, 631
329, 628
329, 625
330, 474
330, 473
330, 466
330, 457
330, 454
330, 499
330, 498
330, 493
330, 491
330, 489
330, 482
330, 558
330, 629
330, 624
330, 623
330, 615
330, 614
330, 612
331, 413
331, 408
331, 440
331, 429
331, 427
331, 422
331, 459
331, 536
331, 534
331, 545
331, 606
331, 604
331, 621
331, 619
331, 618
331, 617
331, 611
331, 609
331, 661
331, 657
331, 654
332, 175
332, 278
332, 368
332, 366
332, 520
332, 566
332, 603
332, 602
332, 601
332, 600
332, 599
332, 596
332, 595
332, 591
332, 584
332, 608
332, 658
332, 656
332, 655
332, 653
332, 651
333, 445
333, 564
333, 561
333, 558
333, 554
333, 553
333, 593
333, 592
333, 588
333, 587
333, 585
333, 648
333, 646
333, 645
334, 543
334, 541
334, 540
334, 538
334, 530
334, 524
334, 549
334, 547
334, 577
334, 576
334, 639
334, 634
334, 649
334, 647
334, 641
335, 510
335, 507
335, 500
335, 498
335, 526
335, 525
335, 522
335, 518
335, 512
335, 567
335, 636
335, 635
335, 627
336, 477
336, 476
336, 456
336, 497
336, 492
336, 491
336, 484
336, 483
336, 481
336, 556
336, 633
336, 626
336, 624
336, 623
336, 622
336, 621
336, 619
337, 411
337, 399
337, 398
337, 444
337, 443
337, 428
337, 425
337, 423
337, 422
337, 417
337, 471
337, 457
337, 455
337, 448
337, 616
337, 611
337, 608
338, 101
338, 378
338, 375
338, 356
338, 607
338, 603
338, 601
338, 600
338, 596
338, 592
338, 588
338, 614
338, 610
338, 659
338, 658
338, 656
338, 655
339, 562
339, 561
339, 551
339, 597
339, 594
339, 593
339, 590
339, 589
339, 586
339, 585
339, 584
339, 583
339, 651
339, 648
339, 647
340, 535
340, 573
340, 652
340, 646
340, 645
340, 642
341, 539
341, 531
341, 525
341, 518
341, 517
341, 513
341, 639
341, 636
341, 633
342, 206
342, 510
342, 508
342, 501
342, 496
342, 492
342, 562
342, 635
342, 634
342, 632
342, 625
342, 623
342, 621
342, 620
343, 428
343, 417
343, 476
343, 549
343, 626
343, 624
343, 618
343, 617
343, 615
343, 614
343, 611
343, 609
343, 661
343, 656
344, 336
344, 362
344, 357
344, 537
344, 525
344, 518
344, 607
344, 605
344, 604
344, 600
344, 662
345, 557
345, 599
345, 585
345, 581
345, 652
345, 648
346, 153
346, 537
346, 555
346, 589
346, 588
346, 578
346, 644
347, 542
347, 535
347, 533
347, 532
347, 517
347, 636
347, 635
347, 647
347, 643
348, 511
348, 508
348, 506
348, 505
348, 499
348, 490
348, 529
348, 639
348, 637
348, 634
348, 633
348, 632
348, 631
348, 628
348, 697
349, 454
349, 495
349, 483
349, 482
349, 625
349, 623
349, 620
349, 619
349, 612
350, 385
350, 384
350, 443
350, 437
350, 433
350, 607
350, 606
350, 615
350, 613
350, 611
350, 668
350, 666
351, 357
351, 600
351, 596
351, 589
351, 659
351, 655
352, 557
352, 595
352, 593
352, 586
352, 656
352, 652
353, 63
353, 543
353, 533
353, 551
353, 549
353, 548
353, 545
353, 581
353, 648
353, 644
354, 242
354, 511
354, 499
354, 524
354, 638
354, 636
354, 635
354, 633
354, 631
354, 628
354, 643
354, 681
355, 212
355, 473
355, 490
355, 486
355, 485
355, 481
355, 632
355, 629
355, 625
355, 621
355, 617
355, 616
356, 607
356, 606
356, 619
356, 610
357, 605
357, 602
357, 595
357, 589
357, 657
358, 138
358, 268
358, 599
358, 591
358, 585
358, 583
358, 654
358, 651
358, 650
359, 574
359, 570
359, 567
359, 579
359, 578
359, 656
359, 649
359, 647
359, 644
360, 531
360, 643
360, 641
361, 504
361, 635
361, 628
361, 625
362, 479
362, 631
362, 630
362, 627
362, 622
362, 621
362, 620
362, 612
363, 604
363, 594
363, 613
364, 603
364, 601
364, 592
364, 586
364, 583
364, 608
364, 663
364, 662
365, 567
365, 654
366, 560
366, 637
366, 646
367, 518
367, 635
368, 491
368, 618
369, 607
369, 604
369, 603
369, 616
370, 389
370, 606
370, 601
370, 588
371, 575
371, 602
371, 597
371, 587
372, 561
373, 509
373, 540
374, 621
375, 104
375, 433
375, 611
376, 155
376, 606
376, 603
376, 596
376, 609
377, 595
378, 577
378, 655
379, 129
379, 557
382, 685
385, 43
385, 148
385, 356
390, 319
395, 166
397, 63
402, 138
403, 232
414, 176
415, 229
419, 314
421, 377
423, 150
429, 180
430, 254
432, 60
434, 12
437, 322
443, 363
444, 99
446, 227
446, 293
451, 319
452, 252
454, 156
454, 243
454, 505
456, 298
457, 459
462, 78
469, 302
471, 274
473, 508
476, 278
477, 382
478, 114
478, 340
481, 114
489, 445
491, 52
497, 99
498, 381
502, 14
504, 93
506, 55
507, 136
507, 241
508, 329
508, 366
510, 269
511, 21
513, 332
513, 328
515, 258
516, 153
516, 167
517, 523
518, 30
518, 83
519, 244
519, 555
523, 414
523, 616
525, 58
528, 36
528, 127
529, 62
537, 220
540, 71
541, 371
542, 24
542, 141
551, 344
556, 694
557, 53
558, 275
567, 287
567, 315
567, 352
567, 676
571, 613
573, 469
576, 173
576, 659
577, 43
577, 238
578, 115
580, 41
583, 288
585, 631
588, 358
588, 471
593, 39
595, 341
596, 608
603, 110
604, 32
605, 558
608, 537
617, 63
618, 546
619, 307
619, 626
622, 8
623, 171
624, 32
625, 464
627, 63
627, 339
627, 514
628, 509
630, 53
633, 558
635, 544
639, 100
639, 371
639, 385
639, 534
645, 159
649, 155
652, 144
652, 666
653, 246
655, 72
655, 686
665, 540
667, 294
675, 105
677, 314
681, 439
681, 554
683, 193
683, 651
686, 181
687, 186
687, 264
687, 519
688, 297
689, 35
689, 393
691, 111
693, 257
698, 556
705, 153
705, 242
706, 463
708, 29
708, 302
708, 583
708, 634
710, 357
717, 421
719, 212
723, 251
724, 596
727, 16
727, 219
729, 30
729, 351
730, 441
731, 12
731, 476
733, 430
735, 37
735, 606
736, 126
743, 74
743, 292
745, 672
748, 279
748, 311
748, 400
750, 651
757, 151
757, 162
765, 614
767, 190
768, 436
768, 432
771, 386
776, 81
776, 563
778, 524
781, 379
781, 466
781, 611
784, 677
